Unnamed: 0,PassengerId,Survived,Sex,Age,Fare,Pclass_1,Pclass_2,Pclass_3,Family_size,Title_1,Title_2,Title_3,Title_4,Emb_1,Emb_2,Emb_3,Sex_Label,Age_Standard,Fare_MinMax,Fare_Robust,Fare_Log,AgeGroup
0,1,0,1,0.275,0.014151057562208,0,0,1,0.1,1,0,0,0,0,0,1,1,-0.5645684617513703,0.014151057562208,-0.31210927853810133,0.014051866028611897,Child
1,2,1,0,0.475,0.12808844391457677,1,0,0,0.1,1,0,0,0,1,0,0,0,0.6649923593650604,0.1391357353826406,2.4620206825143054,0.13026984802557667,Child
2,3,1,0,0.325,0.0154685698179998,0,0,1,0.0,0,0,0,1,0,0,1,0,-0.2571782564722626,0.0154685698179998,-0.28286609220051767,0.015350151109302445,Child
3,4,1,0,0.4375,0.1036442974556203,1,0,0,0.1,1,0,0,0,0,0,1,0,0.4344497054057298,0.1036442974556203,1.674261230466634,0.09861770160548036,Child
4,5,0,1,0.4375,0.0157125535690723,0,0,1,0.0,1,0,0,0,0,0,1,1,0.4344497054057298,0.0157125535690723,-0.27745068732318856,0.01559038941147719,Child
5,6,0,1,0.35,0.016509502,0,0,1,0.0,1,0,0,0,0,1,0,1,-0.10348315383270892,0.016509502,-0.2597618109088606,0.016374701804502404,Child
6,7,0,1,0.675,0.101228858320002,1,0,0,0.0,1,0,0,0,0,0,1,1,1.894553180481492,0.101228858320002,1.620648722181064,0.09642670019066905,Child
7,8,0,1,0.025,0.04113566,0,0,1,0.4,0,0,1,0,0,0,1,1,-2.1015194881469093,0.04113566,0.2868344913319732,0.04031209814519068,Child
8,9,1,0,0.3375,0.0217307543665283,0,0,1,0.2,1,0,0,0,0,0,1,0,-0.1803307051524856,0.0217307543665283,-0.14387214445701002,0.021498007333324867,Child
9,10,1,0,0.175,0.0586942926540201,0,1,0,0.1,1,0,0,0,1,0,0,0,-1.179348872309586,0.0586942926540201,0.6765616944585244,0.057036349452524476,Child
10,11,1,0,0.05,0.032596229,0,0,1,0.2,0,0,0,1,0,0,1,0,-1.9478243855073554,0.032596229,0.09729532700756881,0.0320762415102006,Child
11,12,1,0,0.725,0.0518221487278101,1,0,0,0.0,0,0,0,1,0,0,1,0,2.201943385760599,0.0518221487278101,0.5240292345216886,0.0505240398785738,Child
12,13,0,1,0.25,0.0157125535690723,0,0,1,0.0,1,0,0,0,0,0,1,1,-0.7182635643909243,0.0157125535690723,-0.27745068732318856,0.01559038941147719,Child
13,14,0,1,0.4875,0.061044735,0,0,1,0.6,1,0,0,0,0,0,1,1,0.7418399106848375,0.061044735,0.7287315495753025,0.05925402179673243,Child
14,15,0,0,0.175,0.0153303774213923,0,0,1,0.0,0,0,0,1,0,0,1,0,-1.179348872309586,0.0153303774213923,-0.28593337752303766,0.015214054528192182,Child
15,16,1,0,0.6875,0.03122992,0,1,0,0.0,1,0,0,0,0,0,1,0,1.9714007318012685,0.03122992,0.06696905982783377,0.030752186962029762,Child
16,17,0,1,0.025,0.0568482139999047,0,0,1,0.5,0,0,1,0,0,1,0,1,-2.1015194881469093,0.0568482139999047,0.6355865749946921,0.05529109581957551,Child
17,18,1,1,0.35,0.0253743101115454,0,1,0,0.0,1,0,0,0,0,0,1,1,-0.10348315383270892,0.0253743101115454,-0.06300065418091039,0.02505772652479575,Child
18,19,0,0,0.3875,0.03513366,0,0,1,0.1,1,0,0,0,0,0,1,0,0.1270595001266221,0.03513366,0.15361553748421974,0.0345305584760863,Child
19,20,1,0,0.35,0.0141022608119935,0,0,1,0.0,1,0,0,0,1,0,0,0,-0.10348315383270892,0.0141022608119935,-0.31319235951356716,0.014003749011095535,Child
20,21,0,1,0.4375,0.0507486202230909,0,1,0,0.0,1,0,0,0,0,0,1,1,0.4344497054057298,0.0507486202230909,0.5002014530614362,0.04950288176693388,Child
21,22,1,1,0.425,0.0253743101115454,0,1,0,0.0,1,0,0,0,0,0,1,1,0.35760215408595275,0.0253743101115454,-0.06300065418091039,0.02505772652479575,Child
22,23,1,0,0.1875,0.0156719546728939,0,0,1,0.0,0,0,0,1,0,1,0,0,-1.102501320989809,0.0156719546728939,-0.27835181069477477,0.015550417760596635,Child
23,24,1,1,0.35,0.069291385,1,0,0,0.0,1,0,0,0,0,0,1,1,-0.10348315383270892,0.069291385,0.9117722169775976,0.06699617207542916,Child
24,25,0,0,0.1,0.04113566,0,0,1,0.4,0,0,0,1,0,0,1,0,-1.6404341802282476,0.04113566,0.2868344913319732,0.04031209814519068,Child
25,26,1,0,0.475,0.0612643198943179,0,0,1,0.6,1,0,0,0,0,0,1,0,0.6649923593650604,0.0612643198943179,0.7336054032743696,0.0594609519745923,Child
26,27,0,1,0.35,0.0141022608119935,0,0,1,0.0,1,0,0,0,1,0,0,1,-0.10348315383270892,0.0141022608119935,-0.31319235951356716,0.014003749011095535,Child
27,28,0,1,0.2375,0.12808844391457677,1,0,0,0.5,1,0,0,0,0,0,1,1,-0.7951111157107013,0.5133418122566505,10.767809100479585,0.41432032618221587,Child
28,29,1,0,0.35,0.015379174,0,0,1,0.0,0,0,0,1,0,1,0,0,-0.10348315383270892,0.015379174,-0.2848503003565152,0.015262113177035328,Child
29,30,0,1,0.35,0.0154115752137492,0,0,1,0.0,1,0,0,0,0,0,1,1,-0.10348315383270892,0.0154115752137492,-0.2841311307798632,0.015294023125181874,Child
30,31,0,1,0.5,0.054107398,1,0,0,0.0,1,0,0,0,1,0,0,1,0.8186874620046145,0.054107398,0.5747520797936777,0.05269434056383655,Child
31,32,1,0,0.35,0.12808844391457677,1,0,0,0.1,1,0,0,0,1,0,0,0,-0.10348315383270892,0.2859895551532101,5.721552878179384,0.25152850381759995,Child
32,33,1,0,0.35,0.0151269925664982,0,0,1,0.0,0,0,0,1,0,1,0,0,-0.10348315383270892,0.0151269925664982,-0.2904476590287806,0.015013720496480372,Child
33,34,0,1,0.825,0.0204946350900944,0,1,0,0.0,1,0,0,0,0,0,1,1,2.8167237963188145,0.0204946350900944,-0.17130875172751414,0.020287446115378614,Child
34,35,0,1,0.35,0.12808844391457677,1,0,0,0.1,1,0,0,0,1,0,0,1,-0.10348315383270892,0.16038672,2.9337024450866687,0.14875332887008352,Child
35,36,0,1,0.525,0.1014972404461818,1,0,0,0.1,1,0,0,0,0,0,1,1,0.9723825646441685,0.1014972404461818,1.626605667546127,0.09667038198810923,Child
36,37,1,1,0.35,0.0141104586660295,0,0,1,0.0,1,0,0,0,1,0,0,1,-0.10348315383270892,0.0141104586660295,-0.3130104019096897,0.014011832831847981,Child
37,38,0,1,0.2625,0.0157125535690723,0,0,1,0.0,1,0,0,0,0,0,1,1,-0.6414160130711473,0.0157125535690723,-0.27745068732318856,0.01559038941147719,Child
38,39,0,0,0.225,0.03513366,0,0,1,0.2,0,0,0,1,0,0,1,0,-0.8719586670304781,0.03513366,0.15361553748421974,0.0345305584760863,Child
39,40,1,0,0.175,0.0219423370754585,0,0,1,0.1,0,0,0,1,1,0,0,0,-1.179348872309586,0.0219423370754585,-0.13917590534738739,0.021705068541472264,Child
40,41,0,0,0.5,0.0184939683312994,0,0,1,0.1,1,0,0,0,0,0,1,0,0.8186874620046145,0.0184939683312994,-0.2157150717216237,0.018325034557516023,Child
41,42,0,0,0.3375,0.04098927,0,1,0,0.1,1,0,0,0,0,0,1,0,-0.1803307051524856,0.04098927,0.2835852539687989,0.040171482182976344,Child
42,43,0,1,0.35,0.0154115752137492,0,0,1,0.0,1,0,0,0,1,0,0,1,-0.10348315383270892,0.0154115752137492,-0.2841311307798632,0.015294023125181874,Child
43,44,1,0,0.0375,0.081157193,0,1,0,0.3,0,0,0,1,1,0,0,0,-2.0246719368271324,0.081157193,1.1751428481535897,0.0780319425165,Child
44,45,1,0,0.2375,0.015379174,0,0,1,0.0,0,0,0,1,0,1,0,0,-0.7951111157107013,0.015379174,-0.2848503003565152,0.015262113177035328,Child
45,46,0,1,0.35,0.0157125535690723,0,0,1,0.0,1,0,0,0,0,0,1,1,-0.10348315383270892,0.0157125535690723,-0.27745068732318856,0.01559038941147719,Child
46,47,0,1,0.35,0.0302539851329965,0,0,1,0.1,1,0,0,0,0,1,0,1,-0.10348315383270892,0.0302539851329965,0.04530744336569568,0.02980535935160553,Child
47,48,1,0,0.35,0.0151269925664982,0,0,1,0.0,0,0,0,1,0,1,0,0,-0.10348315383270892,0.0151269925664982,-0.2904476590287806,0.015013720496480372,Child
48,49,0,1,0.35,0.04231498,0,0,1,0.2,1,0,0,0,1,0,0,1,-0.10348315383270892,0.04231498,0.31301039547254855,0.0414441817216489,Child
49,50,0,0,0.225,0.0347432861527314,0,0,1,0.1,1,0,0,0,0,0,1,0,-0.8719586670304781,0.0347432861527314,0.1449508931085708,0.034153363249459334,Child
50,51,0,1,0.0875,0.077464841,0,0,1,0.5,0,0,1,0,0,0,1,1,-1.7172817315480244,0.077464841,1.0931882878940662,0.07461091230097748,Child
51,52,0,1,0.2625,0.015224586,0,0,1,0.0,1,0,0,0,0,0,1,1,-0.6414160130711473,0.015224586,-0.28828149856334906,0.015109855012893404,Child
52,53,1,0,0.6125,0.12808844391457677,1,0,0,0.1,1,0,0,0,1,0,0,0,1.510315423882607,0.1497654242623688,2.69795470988593,0.13955794266634497,Child
53,54,1,0,0.3625,0.0507486202230909,0,1,0,0.1,1,0,0,0,0,0,1,0,-0.02663560251293192,0.0507486202230909,0.5002014530614362,0.04950288176693388,Child
54,55,0,1,0.8125,0.1209753416358076,1,0,0,0.1,1,0,0,0,1,0,0,1,2.739876244999038,0.1209753416358076,2.0589369343609603,0.1141991470914516,Child
55,56,1,1,0.35,0.069291385,1,0,0,0.0,1,0,0,0,0,0,1,1,-0.10348315383270892,0.069291385,0.9117722169775976,0.06699617207542916,Child
56,57,1,0,0.2625,0.0204946350900944,0,1,0,0.0,0,0,0,1,0,0,1,0,-0.6414160130711473,0.0204946350900944,-0.17130875172751414,0.020287446115378614,Child
57,58,0,1,0.35625,0.0141104586660295,0,0,1,0.0,1,0,0,0,1,0,0,1,-0.06505937817282025,0.0141104586660295,-0.3130104019096897,0.014011832831847981,Child
58,59,1,0,0.0625,0.054164393,0,1,0,0.3,0,0,0,1,0,0,1,0,-1.8709768341875783,0.054164393,0.576017127156982,0.05274840854525829,Child
59,60,0,1,0.1375,0.091542703,0,0,1,0.7,0,0,1,0,0,0,1,1,-1.4098915262689167,0.091542703,1.4056571396189983,0.08759201946748797,Child
60,61,0,1,0.275,0.0141104586660295,0,0,1,0.0,1,0,0,0,1,0,0,1,-0.5645684617513703,0.0141104586660295,-0.3130104019096897,0.014011832831847981,Child
61,62,1,0,0.475,0.12808844391457677,1,0,0,0.0,0,0,0,1,0,0,0,0,0.6649923593650604,0.1561496006864336,2.8396563600681035,0.14509517423563542,Child
62,63,0,1,0.5625,0.12808844391457677,1,0,0,0.1,1,0,0,0,0,0,1,1,1.202925218603499,0.1629323489662505,2.9902046156578828,0.15094470242609193,Child
63,64,0,1,0.05,0.054457173,0,0,1,0.5,0,0,1,0,0,0,1,1,-1.9478243855073554,0.054457173,0.5825156018833307,0.05302610655100989,Child
64,65,0,1,0.35,0.054107398,1,0,0,0.0,1,0,0,0,1,0,0,1,-0.10348315383270892,0.054107398,0.5747520797936777,0.05269434056383655,Child
65,66,1,1,0.35,0.0297578197768153,0,0,1,0.2,0,0,1,0,1,0,0,1,-0.10348315383270892,0.0297578197768153,0.03429467600715564,0.02932364816471518,Child
66,67,1,0,0.3625,0.0204946350900944,0,1,0,0.0,1,0,0,0,0,0,1,0,-0.02663560251293192,0.0204946350900944,-0.17130875172751414,0.020287446115378614,Child
67,68,0,1,0.2375,0.0159239410910016,0,0,1,0.0,1,0,0,0,0,0,1,1,-0.7951111157107013,0.0159239410910016,-0.27275878053746877,0.015798485223151897,Child
68,69,1,0,0.2125,0.0154685698179998,0,0,1,0.6,0,0,0,1,0,0,1,0,-0.9488062183502551,0.0154685698179998,-0.28286609220051767,0.015350151109302445,Child
69,70,0,1,0.325,0.0169080739493278,0,0,1,0.2,1,0,0,0,0,0,1,1,-0.2571782564722626,0.0169080739493278,-0.25091520342427054,0.01676672355069601,Child
70,71,0,1,0.4,0.0204946350900944,0,1,0,0.0,1,0,0,0,0,0,1,1,0.2039070514463991,0.0204946350900944,-0.17130875172751414,0.020287446115378614,Child
71,72,0,0,0.2,0.091542703,0,0,1,0.7,0,0,0,1,0,0,1,0,-1.025653769670032,0.091542703,1.4056571396189983,0.08759201946748797,Child
72,73,0,1,0.2625,0.12808844391457677,0,1,0,0.0,1,0,0,0,0,0,1,1,-0.6414160130711473,0.1434624456306609,2.558055306446931,0.1340608923416298,Child
73,74,0,1,0.325,0.0282127194780231,0,0,1,0.1,1,0,0,0,1,0,0,1,-0.2571782564722626,0.0282127194780231,0.0,0.027822071189111418,Child
74,75,1,1,0.4,0.1102724576307577,0,0,1,0.0,1,0,0,0,0,0,1,1,0.2039070514463991,0.1102724576307577,1.8213782855261385,0.10460544252952915,Child
75,76,0,1,0.3125,0.0149318055656402,0,0,1,0.0,1,0,0,0,0,0,1,1,-0.3340258077920396,0.0149318055656402,-0.29477998293064384,0.014821423601790364,Child
76,77,0,1,0.35,0.0154115752137492,0,0,1,0.0,1,0,0,0,0,0,1,1,-0.10348315383270892,0.0154115752137492,-0.2841311307798632,0.015294023125181874,Child
77,78,0,1,0.35,0.0157125535690723,0,0,1,0.0,1,0,0,0,0,0,1,1,-0.10348315383270892,0.0157125535690723,-0.27745068732318856,0.01559038941147719,Child
78,79,1,1,0.0103749999999999,0.0566042302488321,0,1,0,0.2,0,0,1,0,0,0,1,1,-2.1914311231910486,0.0566042302488321,0.6301711701173607,0.05506020938272152,Child
79,80,1,0,0.375,0.0243495783570407,0,0,1,0.0,0,0,0,1,0,0,1,0,0.05021194880684509,0.0243495783570407,-0.08574535466569695,0.02405785347297418,Child
80,81,0,1,0.275,0.0175668300772237,0,0,1,0.0,1,0,0,0,0,0,1,1,-0.5645684617513703,0.0175668300772237,-0.23629361025547865,0.017414316843308648,Child
81,82,1,1,0.3625,0.0185427650815139,0,0,1,0.0,1,0,0,0,0,0,1,1,-0.02663560251293192,0.0185427650815139,-0.21463199074615794,0.018372944101240428,Child
82,83,1,0,0.35,0.01520018769182,0,0,1,0.0,0,0,0,1,0,1,0,0,-0.10348315383270892,0.01520018769182,-0.28882303756558075,0.015085822299643148,Child
83,84,0,1,0.35,0.091933077,1,0,0,0.0,1,0,0,0,0,0,1,1,-0.10348315383270892,0.091933077,1.4143217873846368,0.08794959064618851,Child
84,85,1,0,0.2125,0.0204946350900944,0,1,0,0.0,0,0,0,1,0,0,1,0,-0.9488062183502551,0.0204946350900944,-0.17130875172751414,0.020287446115378614,Child
85,86,1,0,0.4125,0.0309371396359996,0,0,1,0.3,1,0,0,0,0,0,1,0,0.28075460276617575,0.0309371396359996,0.06047057702221931,0.030468232890899054,Child
86,87,0,1,0.2,0.067095532,0,0,1,0.4,1,0,0,0,0,0,1,1,-1.025653769670032,0.067095532,0.8630335899427007,0.0649405015826051,Child
87,88,0,1,0.35,0.0157125535690723,0,0,1,0.0,1,0,0,0,0,0,1,1,-0.10348315383270892,0.0157125535690723,-0.27745068732318856,0.01559038941147719,Child
88,89,1,0,0.2875,0.12808844391457677,1,0,0,0.5,0,0,0,1,0,0,1,0,-0.4877209104315936,0.5133418122566505,10.767809100479585,0.41432032618221587,Child
89,90,0,1,0.3,0.0157125535690723,0,0,1,0.0,1,0,0,0,0,0,1,1,-0.4108733591118166,0.0157125535690723,-0.27745068732318856,0.01559038941147719,Child
90,91,0,1,0.3625,0.0157125535690723,0,0,1,0.0,1,0,0,0,0,0,1,1,-0.02663560251293192,0.0157125535690723,-0.27745068732318856,0.01559038941147719,Child
91,92,0,1,0.25,0.0153303774213923,0,0,1,0.0,1,0,0,0,0,0,1,1,-0.7182635643909243,0.0153303774213923,-0.28593337752303766,0.015214054528192182,Child
92,93,0,1,0.575,0.1194056477749072,1,0,0,0.1,1,0,0,0,0,0,1,1,1.279772769923276,0.1194056477749072,2.024096385542168,0.11279787282143242,Child
93,94,0,1,0.325,0.040159725,0,0,1,0.3,1,0,0,0,0,0,1,1,-0.2571782564722626,0.040159725,0.26517287191787675,0.03937428309158391,Child
94,95,0,1,0.7375,0.014151057562208,0,0,1,0.0,1,0,0,0,0,0,1,1,2.2787909370803767,0.014151057562208,-0.31210927853810133,0.014051866028611897,Child
95,96,0,1,0.35,0.0157125535690723,0,0,1,0.0,1,0,0,0,0,0,1,1,-0.10348315383270892,0.0157125535690723,-0.27745068732318856,0.01559038941147719,Child
96,97,0,1,0.8875,0.067640494,1,0,0,0.0,1,0,0,0,1,0,0,1,3.200961552917699,0.067640494,0.8751294359151731,0.0654510677652159,Child
97,98,1,1,0.2875,0.1236671655646408,1,0,0,0.1,1,0,0,0,1,0,0,1,-0.4877209104315936,0.1236671655646408,2.1186840132915683,0.11659759157479296,Child
98,99,1,0,0.425,0.04489301,0,1,0,0.1,1,0,0,0,0,0,1,0,0.35760215408595275,0.04489301,0.37023173162518486,0.04391449740018062,Child
99,100,0,1,0.425,0.0507486202230909,0,1,0,0.1,1,0,0,0,0,0,1,1,0.35760215408595275,0.0507486202230909,0.5002014530614362,0.04950288176693388,Child
100,101,0,0,0.35,0.0154115752137492,0,0,1,0.0,0,0,0,1,0,0,1,0,-0.10348315383270892,0.0154115752137492,-0.2841311307798632,0.015294023125181874,Child
101,102,0,1,0.35,0.0154115752137492,0,0,1,0.0,1,0,0,0,0,0,1,1,-0.10348315383270892,0.0154115752137492,-0.2841311307798632,0.015294023125181874,Child
102,103,0,1,0.2625,0.12808844391457677,1,0,0,0.1,1,0,0,0,0,0,1,1,-0.6414160130711473,0.1508551532881592,2.7221420742300366,0.14050527758799305,Child
103,104,0,1,0.4125,0.0168918734282566,0,0,1,0.0,1,0,0,0,0,0,1,1,0.28075460276617575,0.0168918734282566,-0.2512747863081249,0.0167507922678848,Child
104,105,0,1,0.4625,0.0154685698179998,0,0,1,0.2,1,0,0,0,0,0,1,1,0.5881448080452838,0.0154685698179998,-0.28286609220051767,0.015350151109302445,Child
105,106,0,1,0.35,0.0154115752137492,0,0,1,0.0,1,0,0,0,0,0,1,1,-0.10348315383270892,0.0154115752137492,-0.2841311307798632,0.015294023125181874,Child
106,107,1,0,0.2625,0.0149318055656402,0,0,1,0.0,0,0,0,1,0,0,1,0,-0.6414160130711473,0.0149318055656402,-0.29477998293064384,0.014821423601790364,Child
107,108,1,1,0.35,0.0151757893167127,0,0,1,0.0,1,0,0,0,0,0,1,1,-0.10348315383270892,0.0151757893167127,-0.2893645780533148,0.015061788942880898,Child
108,109,0,1,0.475,0.0154115752137492,0,0,1,0.0,1,0,0,0,0,0,1,1,0.6649923593650604,0.0154115752137492,-0.2841311307798632,0.015294023125181874,Child
109,110,1,0,0.35,0.047137661,0,0,1,0.1,0,0,0,1,0,1,0,0,-0.10348315383270892,0.047137661,0.42005346737548704,0.04606040462083951,Child
110,111,0,1,0.5875,0.1014972404461818,1,0,0,0.0,1,0,0,0,0,0,1,1,1.3566203212430532,0.1014972404461818,1.626605667546127,0.09667038198810923,Child
111,112,0,0,0.18125,0.0282127194780231,0,0,1,0.1,0,0,0,1,1,0,0,0,-1.1409250966496975,0.0282127194780231,0.0,0.027822071189111418,Child
112,113,0,1,0.275,0.0157125535690723,0,0,1,0.0,1,0,0,0,0,0,1,1,-0.5645684617513703,0.0157125535690723,-0.27745068732318856,0.01559038941147719,Child
113,114,0,0,0.25,0.0191771228343026,0,0,1,0.1,0,0,0,1,0,0,1,0,-0.7182635643909243,0.0191771228343026,-0.20055193806509786,0.018995559385159465,Child
114,115,0,0,0.2125,0.0282207221450582,0,0,1,0.0,0,0,0,1,1,0,0,0,-0.9488062183502551,0.0282207221450582,0.00017762527997467977,0.027829854243863555,Child
115,116,0,1,0.2625,0.0154685698179998,0,0,1,0.0,1,0,0,0,0,0,1,1,-0.6414160130711473,0.0154685698179998,-0.28286609220051767,0.015350151109302445,Child
116,117,0,1,0.88125,0.0151269925664982,0,0,1,0.0,1,0,0,0,0,1,0,1,3.162537777257811,0.0151269925664982,-0.2904476590287806,0.015013720496480372,Child
117,118,0,1,0.3625,0.04098927,0,1,0,0.1,1,0,0,0,0,0,1,1,-0.02663560251293192,0.04098927,0.2835852539687989,0.040171482182976344,Child
118,119,0,1,0.3,0.12808844391457677,1,0,0,0.1,1,0,0,0,1,0,0,1,-0.4108733591118166,0.4831284260198326,10.097200019062225,0.3941536582059529,Child
119,120,0,0,0.025,0.061044735,0,0,1,0.6,0,0,0,1,0,0,1,0,-2.1015194881469093,0.061044735,0.7287315495753025,0.05925402179673243,Child
120,121,0,1,0.2625,0.12808844391457677,0,1,0,0.2,1,0,0,0,0,0,1,1,-0.6414160130711473,0.1434624456306609,2.558055306446931,0.1340608923416298,Child
121,122,0,1,0.35,0.0157125535690723,0,0,1,0.0,1,0,0,0,0,0,1,1,-0.10348315383270892,0.0157125535690723,-0.27745068732318856,0.01559038941147719,Child
122,123,0,1,0.40625,0.0586942926540201,0,1,0,0.1,1,0,0,0,1,0,0,1,0.24233082710628742,0.0586942926540201,0.6765616944585244,0.057036349452524476,Child
123,124,1,0,0.40625,0.0253743101115454,0,1,0,0.0,0,0,0,1,0,0,1,0,0.24233082710628742,0.0253743101115454,-0.06300065418091039,0.02505772652479575,Child
124,125,0,1,0.675,0.12808844391457677,1,0,0,0.1,1,0,0,0,0,0,1,1,1.894553180481492,0.1508551532881592,2.7221420742300366,0.14050527758799305,Child
125,126,1,1,0.15,0.0219423370754585,0,0,1,0.1,0,0,1,0,1,0,0,1,-1.3330439749491398,0.0219423370754585,-0.13917590534738739,0.021705068541472264,Child
126,127,0,1,0.35,0.0151269925664982,0,0,1,0.0,1,0,0,0,0,1,0,1,-0.10348315383270892,0.0151269925664982,-0.2904476590287806,0.015013720496480372,Child
127,128,1,1,0.3,0.01393967,0,0,1,0.0,1,0,0,0,0,0,1,1,-0.4108733591118166,0.01393967,-0.3168011862178376,0.013843406357552126,Child
128,129,1,0,0.35,0.043640495,0,0,1,0.2,0,0,0,1,1,0,0,0,-0.10348315383270892,0.043640495,0.3424312088030225,0.04271507670890787,Child
129,130,0,1,0.5625,0.0136142933098484,0,0,1,0.0,1,0,0,0,0,0,1,1,1.202925218603499,0.0136142933098484,-0.32402316926822755,0.013522451454419894,Child
130,131,0,1,0.4125,0.0154115752137492,0,0,1,0.0,1,0,0,0,1,0,0,1,0.28075460276617575,0.0154115752137492,-0.2841311307798632,0.015294023125181874,Child
131,132,0,1,0.25,0.0137606835604919,0,0,1,0.0,1,0,0,0,0,0,1,1,-0.7182635643909243,0.0137606835604919,-0.3207739263418301,0.01366686504595381,Child
132,133,0,0,0.5875,0.028302115124416,0,0,1,0.1,1,0,0,0,0,0,1,0,1.3566203212430532,0.028302115124416,0.0019842043470519564,0.027909010164649115,Child
133,134,1,0,0.3625,0.0507486202230909,0,1,0,0.1,1,0,0,0,0,0,1,0,-0.02663560251293192,0.0507486202230909,0.5002014530614362,0.04950288176693388,Child
134,135,0,1,0.3125,0.0253743101115454,0,1,0,0.0,1,0,0,0,0,0,1,1,-0.3340258077920396,0.0253743101115454,-0.06300065418091039,0.02505772652479575,Child
135,136,0,1,0.2875,0.029367446,0,1,0,0.0,1,0,0,0,1,0,0,1,-0.4877209104315936,0.029367446,0.025630033195271105,0.0289444834893258,Child
136,137,1,0,0.2375,0.0513015849965217,1,0,0,0.2,0,0,0,1,0,0,1,0,-0.7951111157107013,0.0513015849965217,0.5124749266754167,0.050029001252389425,Child
137,138,0,1,0.4625,0.1036442974556203,1,0,0,0.1,1,0,0,0,0,0,1,1,0.5881448080452838,0.1036442974556203,1.674261230466634,0.09861770160548036,Child
138,139,0,1,0.2,0.0179898,0,0,1,0.0,1,0,0,0,0,0,1,1,-1.025653769670032,0.0179898,-0.22690547119827711,0.017829898431768586,Child
139,140,0,1,0.3,0.12808844391457677,1,0,0,0.0,1,0,0,0,1,0,0,1,-0.4108733591118166,0.1545881046795693,2.80499776885319,0.14374366104491512,Child
140,141,0,0,0.35,0.0297578197768153,0,0,1,0.2,1,0,0,0,1,0,0,0,-0.10348315383270892,0.0297578197768153,0.03429467600715564,0.02932364816471518,Child
141,142,1,0,0.275,0.0151269925664982,0,0,1,0.0,0,0,0,1,0,0,1,0,-0.5645684617513703,0.0151269925664982,-0.2904476590287806,0.015013720496480372,Child
142,143,1,0,0.3,0.0309371396359996,0,0,1,0.1,1,0,0,0,0,0,1,0,-0.4108733591118166,0.0309371396359996,0.06047057702221931,0.030468232890899054,Child
143,144,0,1,0.2375,0.0131751225579178,0,0,1,0.0,1,0,0,0,0,1,0,1,-0.7951111157107013,0.0131751225579178,-0.3337708980474221,0.013089085505924634,Child
144,145,0,1,0.225,0.0224465050986748,0,1,0,0.0,1,0,0,0,0,0,1,1,-0.8719586670304781,0.0224465050986748,-0.12798551270887265,0.022198289814291155,Child
145,146,0,1,0.2375,0.071731223,0,1,0,0.2,1,0,0,0,0,0,1,1,-0.7951111157107013,0.071731223,0.9659262766107191,0.06927530639845661,Child
146,147,1,1,0.3375,0.0152163882128912,0,0,1,0.0,1,0,0,0,0,0,1,1,-0.1803307051524856,0.0152163882128912,-0.2884634546817264,0.015101780129443987,Child
147,148,0,0,0.1125,0.067095532,0,0,1,0.4,0,0,0,1,0,0,1,0,-1.5635866289084708,0.067095532,0.8630335899427007,0.0649405015826051,Child
148,149,0,1,0.45625,0.0507486202230909,0,1,0,0.2,1,0,0,0,0,0,1,1,0.5497210323853952,0.0507486202230909,0.5002014530614362,0.04950288176693388,Child
149,150,0,1,0.525,0.0253743101115454,0,1,0,0.0,1,0,0,0,0,0,1,1,0.9723825646441685,0.0253743101115454,-0.06300065418091039,0.02505772652479575,Child
150,151,0,1,0.6375,0.024447172,0,1,0,0.0,1,0,0,0,0,0,1,1,1.6640105265221605,0.024447172,-0.08357918955119692,0.024153122701623734,Child
151,152,1,0,0.275,0.12808844391457677,1,0,0,0.1,1,0,0,0,0,0,1,0,-0.5645684617513703,0.1299945425714559,2.2591249572182988,0.12221280312980434,Child
152,153,0,1,0.69375,0.0157125535690723,0,0,1,0.0,1,0,0,0,0,0,1,1,2.0098245074611567,0.0157125535690723,-0.27745068732318856,0.01559038941147719,Child
153,154,0,1,0.50625,0.028302115124416,0,0,1,0.2,1,0,0,0,0,0,1,1,0.8571112376645028,0.028302115124416,0.0019842043470519564,0.027909010164649115,Child
154,155,0,1,0.35,0.0142730494377443,0,0,1,0.0,1,0,0,0,0,0,1,1,-0.10348315383270892,0.0142730494377443,-0.3094015760994357,0.014172148444170255,Child
155,156,0,1,0.6375,0.1198042196306593,1,0,0,0.1,1,0,0,0,1,0,0,1,1.6640105265221605,0.1198042196306593,2.0329429909497745,0.1131538661258235,Child
156,157,1,0,0.2,0.0150943963373549,0,0,1,0.0,0,0,0,1,0,1,0,0,-1.025653769670032,0.0150943963373549,-0.29117115712039204,0.014981609486987265,Child
157,158,0,1,0.375,0.0157125535690723,0,0,1,0.0,1,0,0,0,0,0,1,1,0.05021194880684509,0.0157125535690723,-0.27745068732318856,0.01559038941147719,Child
158,159,0,1,0.35,0.0169080739493278,0,0,1,0.0,1,0,0,0,0,0,1,1,-0.10348315383270892,0.0169080739493278,-0.25091520342427054,0.01676672355069601,Child
159,160,0,1,0.35,0.12808844391457677,0,0,1,1.0,0,0,1,0,0,0,1,1,-0.10348315383270892,0.1357525590967682,2.386928512323294,0.12729547887673298,Child
160,161,0,1,0.55,0.0314251071381447,0,0,1,0.1,1,0,0,0,0,0,1,1,1.1260776672837225,0.0314251071381447,0.07130138677687967,0.030941445113450382,Child
161,162,1,0,0.5,0.0307419526351416,0,1,0,0.0,1,0,0,0,0,0,1,0,0.8186874620046145,0.0307419526351416,0.05613825312035603,0.030278885283724997,Child
162,163,0,1,0.325,0.0151757893167127,0,0,1,0.0,1,0,0,0,0,0,1,1,-0.2571782564722626,0.0151757893167127,-0.2893645780533148,0.015061788942880898,Child
163,164,0,1,0.2125,0.0169080739493278,0,0,1,0.0,1,0,0,0,0,0,1,1,-0.9488062183502551,0.0169080739493278,-0.25091520342427054,0.01676672355069601,Child
164,165,0,1,0.0125,0.077464841,0,0,1,0.5,0,0,1,0,0,0,1,1,-2.178367039466686,0.077464841,1.0931882878940662,0.07461091230097748,Child
165,166,1,1,0.1125,0.040062132,0,0,1,0.2,0,0,1,0,0,0,1,1,-1.5635866289084708,0.040062132,0.2630067210743473,0.03928045367647301,Child
166,167,1,0,0.35,0.1073528504719231,1,0,0,0.1,1,0,0,0,0,0,1,0,-0.10348315383270892,0.1073528504719231,1.7565753846020535,0.10197234771859269,Child
167,168,0,0,0.5625,0.054457173,0,0,1,0.5,1,0,0,0,0,0,1,0,1.202925218603499,0.054457173,0.5825156018833307,0.05302610655100989,Child
168,169,0,1,0.35,0.0506022299724474,1,0,0,0.0,1,0,0,0,0,0,1,1,-0.10348315383270892,0.0506022299724474,0.4969522101350387,0.04936355210585734,Child
169,170,0,1,0.35,0.1102724576307577,0,0,1,0.0,1,0,0,0,0,0,1,1,-0.10348315383270892,0.1102724576307577,1.8213782855261385,0.10460544252952915,Child
170,171,0,1,0.7625,0.065387645,1,0,0,0.0,1,0,0,0,0,0,1,1,2.43248603971993,0.065387645,0.8251257393212115,0.06333871885007798,Child
171,172,0,1,0.05,0.0568482139999047,0,0,1,0.5,0,0,1,0,0,1,0,1,-1.9478243855073554,0.0568482139999047,0.6355865749946921,0.05529109581957551,Child
172,173,1,0,0.0125,0.0217307543665283,0,0,1,0.2,0,0,0,1,0,0,1,0,-2.178367039466686,0.0217307543665283,-0.14387214445701002,0.021498007333324867,Child
173,174,0,1,0.2625,0.0154685698179998,0,0,1,0.0,1,0,0,0,0,0,1,1,-0.6414160130711473,0.0154685698179998,-0.28286609220051767,0.015350151109302445,Child
174,175,0,1,0.7,0.059914211,1,0,0,0.0,1,0,0,0,1,0,0,1,2.0482482831210453,0.059914211,0.7036387097586119,0.05818797182985436,Child
175,176,0,1,0.225,0.0153303774213923,0,0,1,0.2,1,0,0,0,0,0,1,1,-0.8719586670304781,0.0153303774213923,-0.28593337752303766,0.015214054528192182,Child
176,177,0,1,0.35,0.049707688,0,0,1,0.4,0,0,1,0,0,0,1,1,-0.10348315383270892,0.049707688,0.4770971708577397,0.048511733030127215,Child
177,178,0,0,0.625,0.056043068,1,0,0,0.0,0,0,0,1,1,0,0,0,1.587162975202384,0.056043068,0.6177157473035878,0.0545289685433304,Child
178,179,0,1,0.375,0.0253743101115454,0,1,0,0.0,1,0,0,0,0,0,1,1,0.05021194880684509,0.0253743101115454,-0.06300065418091039,0.02505772652479575,Child
179,180,0,1,0.45,0.0,0,0,1,0.0,1,0,0,0,0,0,1,1,0.5112972567255067,0.0,-0.6262027614232546,0.0,Child
180,181,0,0,0.35,0.12808844391457677,0,0,1,1.0,0,0,0,1,0,0,1,0,-0.10348315383270892,0.1357525590967682,2.386928512323294,0.12729547887673298,Child
181,182,0,1,0.35,0.029375644,0,1,0,0.0,1,0,0,0,1,0,0,1,-0.10348315383270892,0.029375644,0.02581199403893055,0.02895244757191567,Child
182,183,0,1,0.1125,0.0612643198943179,0,0,1,0.6,0,0,1,0,0,0,1,1,-1.5635866289084708,0.0612643198943179,0.7336054032743696,0.0594609519745923,Child
183,184,1,1,0.0125,0.07612293,0,1,0,0.3,0,0,1,0,0,0,1,1,-2.178367039466686,0.07612293,1.0634035528762733,0.0733647024257729,Child
184,185,1,0,0.05,0.042989937,0,0,1,0.2,0,0,0,1,0,0,1,0,-1.9478243855073554,0.042989937,0.3279915793166368,0.04209152784169879,Child
185,186,0,1,0.35,0.0975935,1,0,0,0.0,1,0,0,0,0,0,1,1,-0.10348315383270892,0.0975935,1.5399591799863965,0.09312005596028673,Child
186,187,1,0,0.35,0.0302539851329965,0,0,1,0.1,1,0,0,0,0,1,0,0,-0.10348315383270892,0.0302539851329965,0.04530744336569568,0.02980535935160553,Child
187,188,1,1,0.5625,0.0518221487278101,1,0,0,0.0,1,0,0,0,0,0,1,1,1.202925218603499,0.0518221487278101,0.5240292345216886,0.0505240398785738,Child
188,189,0,1,0.5,0.0302539851329965,0,0,1,0.2,1,0,0,0,0,1,0,1,0.8186874620046145,0.0302539851329965,0.04530744336569568,0.02980535935160553,Child
189,190,0,1,0.45,0.0154115752137492,0,0,1,0.0,1,0,0,0,0,0,1,1,0.5112972567255067,0.0154115752137492,-0.2841311307798632,0.015294023125181874,Child
190,191,1,0,0.4,0.0253743101115454,0,1,0,0.0,1,0,0,0,0,0,1,0,0.2039070514463991,0.0253743101115454,-0.06300065418091039,0.02505772652479575,Child
191,192,0,1,0.2375,0.0253743101115454,0,1,0,0.0,1,0,0,0,0,0,1,1,-0.7951111157107013,0.0253743101115454,-0.06300065418091039,0.02505772652479575,Child
192,193,1,0,0.2375,0.0153303774213923,0,0,1,0.1,0,0,0,1,0,0,1,0,-0.7951111157107013,0.0153303774213923,-0.28593337752303766,0.015214054528192182,Child
193,194,1,1,0.0375,0.0507486202230909,0,1,0,0.2,0,0,1,0,0,0,1,1,-2.0246719368271324,0.0507486202230909,0.5002014530614362,0.04950288176693388,Child
194,195,1,0,0.55,0.054107398,1,0,0,0.0,1,0,0,0,1,0,0,0,1.1260776672837225,0.054107398,0.5747520797936777,0.05269434056383655,Child
195,196,1,0,0.725,0.12808844391457677,1,0,0,0.0,0,0,0,1,1,0,0,0,2.201943385760599,0.2859895551532101,5.721552878179384,0.25152850381759995,Child
196,197,0,1,0.35,0.0151269925664982,0,0,1,0.0,1,0,0,0,0,1,0,1,-0.10348315383270892,0.0151269925664982,-0.2904476590287806,0.015013720496480372,Child
197,198,0,1,0.525,0.016403906,0,0,1,0.1,1,0,0,0,0,0,1,1,0.9723825646441685,0.016403906,-0.2621055944227738,0.016270815431694365,Child
198,199,1,0,0.35,0.0151269925664982,0,0,1,0.0,0,0,0,1,0,1,0,0,-0.10348315383270892,0.0151269925664982,-0.2904476590287806,0.015013720496480372,Child
199,200,0,0,0.3,0.0253743101115454,0,1,0,0.0,1,0,0,0,0,0,1,0,-0.4108733591118166,0.0253743101115454,-0.06300065418091039,0.02505772652479575,Child
200,201,0,1,0.35,0.0185427650815139,0,0,1,0.0,1,0,0,0,0,0,1,1,-0.10348315383270892,0.0185427650815139,-0.21463199074615794,0.018372944101240428,Child
201,202,0,1,0.35,0.12808844391457677,0,0,1,1.0,1,0,0,0,0,0,1,1,-0.10348315383270892,0.1357525590967682,2.386928512323294,0.12729547887673298,Child
202,203,0,1,0.425,0.0126789572017366,0,0,1,0.0,1,0,0,0,0,0,1,1,0.35760215408595275,0.0126789572017366,-0.34478366540596217,0.012599252234062575,Child
203,204,0,1,0.56875,0.0141022608119935,0,0,1,0.0,1,0,0,0,1,0,0,1,1.2413489942633875,0.0141022608119935,-0.31319235951356716,0.014003749011095535,Child
204,205,1,1,0.225,0.0157125535690723,0,0,1,0.0,1,0,0,0,0,0,1,1,-0.8719586670304781,0.0157125535690723,-0.27745068732318856,0.01559038941147719,Child
205,206,0,0,0.025,0.02042144,0,0,1,0.1,0,0,0,1,0,0,1,0,-2.1015194881469093,0.02042144,-0.1729333724088151,0.020215718432874518,Child
206,207,0,1,0.4,0.0309371396359996,0,0,1,0.1,1,0,0,0,0,0,1,1,0.2039070514463991,0.0309371396359996,0.06047057702221931,0.030468232890899054,Child
207,208,1,1,0.325,0.0366707577862046,0,0,1,0.0,1,0,0,0,1,0,0,1,-0.2571782564722626,0.0366707577862046,0.18773259163948047,0.0360143839328067,Child
208,209,1,0,0.2,0.0151269925664982,0,0,1,0.0,0,0,0,1,0,1,0,0,-1.025653769670032,0.0151269925664982,-0.2904476590287806,0.015013720496480372,Child
209,210,1,1,0.5,0.060507970265993,1,0,0,0.0,1,0,0,0,1,0,0,1,0.8186874620046145,0.060507970265993,0.7168176481546459,0.05874801056813765,Child
210,211,0,1,0.3,0.0137606835604919,0,0,1,0.0,1,0,0,0,0,0,1,1,-0.4108733591118166,0.0137606835604919,-0.3207739263418301,0.01366686504595381,Child
211,212,1,0,0.4375,0.04098927,0,1,0,0.0,0,0,0,1,0,0,1,0,0.4344497054057298,0.04098927,0.2835852539687989,0.040171482182976344,Child
212,213,0,1,0.275,0.014151057562208,0,0,1,0.0,1,0,0,0,0,0,1,1,-0.5645684617513703,0.014151057562208,-0.31210927853810133,0.014051866028611897,Child
213,214,0,1,0.375,0.0253743101115454,0,1,0,0.0,1,0,0,0,0,0,1,1,0.05021194880684509,0.0253743101115454,-0.06300065418091039,0.02505772652479575,Child
214,215,0,1,0.35,0.0151269925664982,0,0,1,0.1,1,0,0,0,0,1,0,1,-0.10348315383270892,0.0151269925664982,-0.2904476590287806,0.015013720496480372,Child
215,216,1,0,0.3875,0.12808844391457677,1,0,0,0.1,0,0,0,1,1,0,0,0,0.1270595001266221,0.2210980752219471,4.281237138413416,0.19975051558989138,Child
216,217,1,0,0.3375,0.0154685698179998,0,0,1,0.0,0,0,0,1,0,0,1,0,-0.1803307051524856,0.0154685698179998,-0.28286609220051767,0.015350151109302445,Child
217,218,0,1,0.525,0.05270049,0,1,0,0.1,1,0,0,0,0,0,1,1,0.9723825646441685,0.05270049,0.5435246869379571,0.05135875774477821,Child
218,219,1,0,0.4,0.12808844391457677,1,0,0,0.0,0,0,0,1,1,0,0,0,0.2039070514463991,0.1489114811336148,2.6790007928152724,0.13881495598036672,Child
219,220,0,1,0.375,0.0204946350900944,0,1,0,0.0,1,0,0,0,0,0,1,1,0.05021194880684509,0.0204946350900944,-0.17130875172751414,0.020287446115378614,Child
220,221,1,1,0.2,0.0157125535690723,0,0,1,0.0,1,0,0,0,0,0,1,1,-1.025653769670032,0.0157125535690723,-0.27745068732318856,0.01559038941147719,Child
221,222,0,1,0.3375,0.0253743101115454,0,1,0,0.0,1,0,0,0,0,0,1,1,-0.1803307051524856,0.0253743101115454,-0.06300065418091039,0.02505772652479575,Child
222,223,0,1,0.6375,0.0157125535690723,0,0,1,0.0,1,0,0,0,0,0,1,1,1.6640105265221605,0.0157125535690723,-0.27745068732318856,0.01559038941147719,Child
223,224,0,1,0.35,0.0154115752137492,0,0,1,0.0,1,0,0,0,0,0,1,1,-0.10348315383270892,0.0154115752137492,-0.2841311307798632,0.015294023125181874,Child
224,225,1,1,0.475,0.12808844391457677,1,0,0,0.1,1,0,0,0,0,0,1,1,0.6649923593650604,0.1756683007722378,3.272888750254523,0.16183675252436677,Child
225,226,0,1,0.275,0.018249985,0,0,1,0.0,1,0,0,0,0,0,1,1,-0.5645684617513703,0.018249985,-0.2211304672817697,0.018085452815228404,Child
226,227,1,1,0.2375,0.0204946350900944,0,1,0,0.0,1,0,0,0,0,0,1,1,-0.7951111157107013,0.0204946350900944,-0.17130875172751414,0.020287446115378614,Child
227,228,0,1,0.25625,0.014151057562208,0,0,1,0.0,1,0,0,0,0,0,1,1,-0.679839788731036,0.014151057562208,-0.31210927853810133,0.014051866028611897,Child
228,229,0,1,0.225,0.0253743101115454,0,1,0,0.0,1,0,0,0,0,0,1,1,-0.8719586670304781,0.0253743101115454,-0.06300065418091039,0.02505772652479575,Child
229,230,0,0,0.35,0.049707688,0,0,1,0.4,0,0,0,1,0,0,1,0,-0.10348315383270892,0.049707688,0.4770971708577397,0.048511733030127215,Child
230,231,1,0,0.4375,0.12808844391457677,1,0,0,0.1,1,0,0,0,0,0,1,0,0.4344497054057298,0.1629323489662505,2.9902046156578828,0.15094470242609193,Child
231,232,0,1,0.3625,0.0151757893167127,0,0,1,0.0,1,0,0,0,0,0,1,1,-0.02663560251293192,0.0151757893167127,-0.2893645780533148,0.015061788942880898,Child
232,233,0,1,0.7375,0.0263502451158356,0,1,0,0.0,1,0,0,0,0,0,1,1,2.2787909370803767,0.0263502451158356,-0.04133903467158961,0.026009058003875676,Child
233,234,1,0,0.0625,0.0612643198943179,0,0,1,0.6,0,0,0,1,0,0,1,0,-1.8709768341875783,0.0612643198943179,0.7336054032743696,0.0594609519745923,Child
234,235,0,1,0.3,0.0204946350900944,0,1,0,0.0,1,0,0,0,0,0,1,1,-0.4108733591118166,0.0204946350900944,-0.17130875172751414,0.020287446115378614,Child
235,236,0,0,0.35,0.0147366185647821,0,0,1,0.0,0,0,0,1,0,0,1,0,-0.10348315383270892,0.0147366185647821,-0.29911230683250933,0.014629089721892294,Child
236,237,0,1,0.55,0.0507486202230909,0,1,0,0.1,1,0,0,0,0,0,1,1,1.1260776672837225,0.0507486202230909,0.5002014530614362,0.04950288176693388,Child
237,238,1,0,0.1,0.051236588,0,1,0,0.2,0,0,0,1,0,0,1,0,-1.6404341802282476,0.051236588,0.5110322689146924,0.049967174078569536,Child
238,239,0,1,0.2375,0.0204946350900944,0,1,0,0.0,1,0,0,0,0,0,1,1,-0.7951111157107013,0.0204946350900944,-0.17130875172751414,0.020287446115378614,Child
239,240,0,1,0.4125,0.0239592043553246,0,1,0,0.0,1,0,0,0,0,0,1,1,0.28075460276617575,0.0239592043553246,-0.09441000246942567,0.023676686326948894,Child
240,241,0,0,0.35,0.0282127194780231,0,0,1,0.1,0,0,0,1,1,0,0,0,-0.10348315383270892,0.0282127194780231,0.0,0.027822071189111418,Child
241,242,1,0,0.35,0.0302539851329965,0,0,1,0.1,0,0,0,1,0,1,0,0,-0.10348315383270892,0.0302539851329965,0.04530744336569568,0.02980535935160553,Child
242,243,0,1,0.3625,0.0204946350900944,0,1,0,0.0,1,0,0,0,0,0,1,1,-0.02663560251293192,0.0204946350900944,-0.17130875172751414,0.020287446115378614,Child
243,244,0,1,0.275,0.0139070738111354,0,0,1,0.0,1,0,0,0,0,0,1,1,-0.5645684617513703,0.0139070738111354,-0.31752468341543266,0.01381125778521362,Child
244,245,0,1,0.375,0.0141022608119935,0,0,1,0.0,1,0,0,0,1,0,0,1,0.05021194880684509,0.0141022608119935,-0.31319235951356716,0.014003749011095535,Child
245,246,0,1,0.55,0.12808844391457677,1,0,0,0.2,1,0,0,0,0,1,0,1,1.1260776672837225,0.1756683007722378,3.272888750254523,0.16183675252436677,Child
246,247,0,0,0.3125,0.0151757893167127,0,0,1,0.0,0,0,0,1,0,0,1,0,-0.3340258077920396,0.0151757893167127,-0.2893645780533148,0.015061788942880898,Child
247,248,1,0,0.3,0.028302115124416,0,1,0,0.2,1,0,0,0,0,0,1,0,-0.4108733591118166,0.028302115124416,0.0019842043470519564,0.027909010164649115,Child
248,249,1,1,0.4625,0.1025789668049371,1,0,0,0.2,1,0,0,0,0,0,1,1,0.5881448080452838,0.1025789668049371,1.650615406610259,0.09765195099379802,Child
249,250,0,1,0.675,0.0507486202230909,0,1,0,0.1,1,0,0,0,0,0,1,1,1.894553180481492,0.0507486202230909,0.5002014530614362,0.04950288176693388,Child
250,251,0,1,0.35,0.014151057562208,0,0,1,0.0,1,0,0,0,0,0,1,1,-0.10348315383270892,0.014151057562208,-0.31210927853810133,0.014051866028611897,Child
251,252,0,0,0.3625,0.02042144,0,0,1,0.2,1,0,0,0,0,0,1,0,-0.02663560251293192,0.02042144,-0.1729333724088151,0.020215718432874518,Child
252,253,0,1,0.775,0.0518221487278101,1,0,0,0.0,1,0,0,0,0,0,1,1,2.509333591039707,0.0518221487278101,0.5240292345216886,0.0505240398785738,Child
253,254,0,1,0.375,0.0314251071381447,0,0,1,0.1,1,0,0,0,0,0,1,1,0.05021194880684509,0.0314251071381447,0.07130138677687967,0.030941445113450382,Child
254,255,0,0,0.5125,0.0394521725484317,0,0,1,0.2,1,0,0,0,0,0,1,0,0.8955350133243911,0.0394521725484317,0.2494682072410454,0.03869381720301679,Child
255,256,1,0,0.3625,0.0297578197768153,0,0,1,0.2,1,0,0,0,1,0,0,0,-0.02663560251293192,0.0297578197768153,0.03429467600715564,0.02932364816471518,Child
256,257,1,0,0.35,0.12808844391457677,1,0,0,0.0,1,0,0,0,1,0,0,0,-0.10348315383270892,0.1545881046795693,2.80499776885319,0.14374366104491512,Child
257,258,1,0,0.375,0.12808844391457677,1,0,0,0.0,0,0,0,1,0,0,1,0,0.05021194880684509,0.1688367557422063,3.1212574136892752,0.15600902837793396,Child
258,259,1,0,0.4375,0.12808844391457677,1,0,0,0.0,0,0,0,1,1,0,0,0,0.4344497054057298,1.0,21.56955762640638,0.6931471805599453,Child
259,260,1,0,0.625,0.0507486202230909,0,1,0,0.1,1,0,0,0,0,0,1,0,1.587162975202384,0.0507486202230909,0.5002014530614362,0.04950288176693388,Child
260,261,0,1,0.35,0.0151269925664982,0,0,1,0.0,1,0,0,0,0,1,0,1,-0.10348315383270892,0.0151269925664982,-0.2904476590287806,0.015013720496480372,Child
261,262,1,1,0.0375,0.0612643198943179,0,0,1,0.6,0,0,1,0,0,0,1,1,-2.0246719368271324,0.0612643198943179,0.7336054032743696,0.0594609519745923,Child
262,263,0,1,0.65,0.12808844391457677,1,0,0,0.2,1,0,0,0,0,0,1,1,1.7408580778419378,0.1554664461834305,2.8244932264115796,0.1445041119579559,Child
263,264,0,1,0.5,0.0,1,0,0,0.0,1,0,0,0,0,0,1,1,0.8186874620046145,0.0,-0.6262027614232546,0.0,Child
264,265,0,0,0.35,0.0151269925664982,0,0,1,0.0,0,0,0,1,0,1,0,0,-0.10348315383270892,0.0151269925664982,-0.2904476590287806,0.015013720496480372,Child
265,266,0,1,0.45,0.0204946350900944,0,1,0,0.0,1,0,0,0,0,0,1,1,0.5112972567255067,0.0204946350900944,-0.17130875172751414,0.020287446115378614,Child
266,267,0,1,0.2,0.077464841,0,0,1,0.5,1,0,0,0,0,0,1,1,-1.025653769670032,0.077464841,1.0931882878940662,0.07461091230097748,Child
267,268,1,1,0.3125,0.0151757893167127,0,0,1,0.1,1,0,0,0,0,0,1,1,-0.3340258077920396,0.0151757893167127,-0.2893645780533148,0.015061788942880898,Child
268,269,1,0,0.725,0.12808844391457677,1,0,0,0.1,1,0,0,0,0,0,1,0,2.201943385760599,0.2995388511917728,6.022289806475091,0.2620094716834916,Child
269,270,1,0,0.4375,0.12808844391457677,1,0,0,0.0,0,0,0,1,0,0,1,0,0.4344497054057298,0.2647385704347907,5.249871113363918,0.2348654371336885,Child
270,271,0,1,0.35,0.060507970265993,1,0,0,0.0,1,0,0,0,0,0,1,1,-0.10348315383270892,0.060507970265993,0.7168176481546459,0.05874801056813765,Child
271,272,1,1,0.3125,0.0,0,0,1,0.0,1,0,0,0,0,0,1,1,-0.3340258077920396,0.0,-0.6262027614232546,0.0,Child
272,273,1,0,0.5125,0.038061465,0,1,0,0.1,1,0,0,0,0,0,1,0,0.8955350133243911,0.038061465,0.21860039572650938,0.0373549978267912,Child
273,274,0,1,0.4625,0.0579705392548384,1,0,0,0.1,1,0,0,0,1,0,0,1,0.5881448080452838,0.0579705392548384,0.6604974374304103,0.05635248735354935,Child
274,275,1,0,0.35,0.0151269925664982,0,0,1,0.0,0,0,0,1,0,1,0,0,-0.10348315383270892,0.0151269925664982,-0.2904476590287806,0.015013720496480372,Child
275,276,1,0,0.7875,0.12808844391457677,1,0,0,0.1,0,0,0,1,0,0,1,0,2.586181142359484,0.1521644676899149,2.7512033029637406,0.1416423191753881,Child
276,277,0,0,0.5625,0.0151269925664982,0,0,1,0.0,0,0,0,1,0,0,1,0,1.202925218603499,0.0151269925664982,-0.2904476590287806,0.015013720496480372,Child
277,278,0,1,0.35,0.0,0,1,0,0.0,1,0,0,0,0,0,1,1,-0.10348315383270892,0.0,-0.6262027614232546,0.0,Child
278,279,0,1,0.0875,0.0568482139999047,0,0,1,0.5,0,0,1,0,0,1,0,1,-1.7172817315480244,0.0568482139999047,0.6355865749946921,0.05529109581957551,Child
279,280,1,0,0.4375,0.039525368,0,0,1,0.2,1,0,0,0,0,0,1,0,0.4344497054057298,0.039525368,0.2510928359455343,0.038764232058560846,Child
280,281,0,1,0.8125,0.0151269925664982,0,0,1,0.0,1,0,0,0,0,1,0,1,2.739876244999038,0.0151269925664982,-0.2904476590287806,0.015013720496480372,Child
281,282,0,1,0.35,0.0153303774213923,0,0,1,0.0,1,0,0,0,0,0,1,1,-0.10348315383270892,0.0153303774213923,-0.28593337752303766,0.015214054528192182,Child
282,283,0,1,0.2,0.0185427650815139,0,0,1,0.0,1,0,0,0,0,0,1,1,-1.025653769670032,0.0185427650815139,-0.21463199074615794,0.018372944101240428,Child
283,284,1,1,0.2375,0.0157125535690723,0,0,1,0.0,1,0,0,0,0,0,1,1,-0.7951111157107013,0.0157125535690723,-0.27745068732318856,0.01559038941147719,Child
284,285,0,1,0.35,0.0507486202230909,1,0,0,0.0,1,0,0,0,0,0,1,1,-0.10348315383270892,0.0507486202230909,0.5002014530614362,0.04950288176693388,Child
285,286,0,1,0.4125,0.0169080739493278,0,0,1,0.0,1,0,0,0,1,0,0,1,0.28075460276617575,0.0169080739493278,-0.25091520342427054,0.01676672355069601,Child
286,287,1,1,0.375,0.0185427650815139,0,0,1,0.0,1,0,0,0,0,0,1,1,0.05021194880684509,0.0185427650815139,-0.21463199074615794,0.018372944101240428,Child
287,288,0,1,0.275,0.0154115752137492,0,0,1,0.0,1,0,0,0,0,0,1,1,-0.5645684617513703,0.0154115752137492,-0.2841311307798632,0.015294023125181874,Child
288,289,1,1,0.525,0.0253743101115454,0,1,0,0.0,1,0,0,0,0,0,1,1,0.9723825646441685,0.0253743101115454,-0.06300065418091039,0.02505772652479575,Child
289,290,1,0,0.275,0.0151269925664982,0,0,1,0.0,0,0,0,1,0,1,0,0,-0.5645684617513703,0.0151269925664982,-0.2904476590287806,0.015013720496480372,Child
290,291,1,0,0.325,0.12808844391457677,1,0,0,0.0,0,0,0,1,0,0,1,0,-0.2571782564722626,0.1539049501765661,2.789834635196665,0.14315179916210932,Child
291,292,1,0,0.2375,0.12808844391457677,1,0,0,0.1,1,0,0,0,1,0,0,0,-0.7951111157107013,0.1777747588854978,3.3196431898034415,0.16362686056809064,Child
292,293,0,1,0.45,0.0251303263604729,0,1,0,0.0,1,0,0,0,1,0,0,1,0.5112972567255067,0.0251303263604729,-0.06841605905823946,0.024819752176545827,Child
293,294,0,0,0.3,0.01727405,0,0,1,0.0,0,0,0,1,0,0,1,0,-0.4108733591118166,0.01727405,-0.24279208669586622,0.01712654979271449,Child
294,295,0,1,0.3,0.0154115752137492,0,0,1,0.0,1,0,0,0,0,0,1,1,-0.4108733591118166,0.0154115752137492,-0.2841311307798632,0.015294023125181874,Child
295,296,0,1,0.35,0.054107398,1,0,0,0.0,1,0,0,0,1,0,0,1,-0.10348315383270892,0.054107398,0.5747520797936777,0.05269434056383655,Child
296,297,0,1,0.29375,0.0141104586660295,0,0,1,0.0,1,0,0,0,1,0,0,1,-0.44929713477170496,0.0141104586660295,-0.3130104019096897,0.014011832831847981,Child
297,298,0,0,0.025,0.12808844391457677,1,0,0,0.3,0,0,0,1,0,0,1,0,-2.1015194881469093,0.2958058998003627,5.939434111851937,0.25913281804107574,Child
298,299,1,1,0.35,0.059532035,1,0,0,0.0,1,0,0,0,0,0,1,1,-0.10348315383270892,0.059532035,0.6951560228366325,0.057827334229477924,Child
299,300,1,0,0.625,0.12808844391457677,1,0,0,0.1,1,0,0,0,1,0,0,0,1.587162975202384,0.4831284260198326,10.097200019062225,0.3941536582059529,Child
300,301,1,0,0.35,0.0151269925664982,0,0,1,0.0,0,0,0,1,0,1,0,0,-0.10348315383270892,0.0151269925664982,-0.2904476590287806,0.015013720496480372,Child
301,302,1,1,0.35,0.045380978,0,0,1,0.2,1,0,0,0,0,1,0,1,-0.10348315383270892,0.045380978,0.38106255243011344,0.044381391225263564,Child
302,303,0,1,0.2375,0.0,0,0,1,0.0,1,0,0,0,0,0,1,1,-0.7951111157107013,0.0,-0.6262027614232546,0.0,Child
303,304,1,0,0.35,0.0241055946059681,0,1,0,0.0,0,0,0,1,0,1,0,0,-0.10348315383270892,0.0241055946059681,-0.09116075954302824,0.02381964103323265,Child
304,305,0,1,0.35,0.0157125535690723,0,0,1,0.0,1,0,0,0,0,0,1,1,-0.10348315383270892,0.0157125535690723,-0.27745068732318856,0.01559038941147719,Child
305,306,1,1,0.0115,0.12808844391457677,1,0,0,0.3,0,0,1,0,0,0,1,1,-2.184514843572268,0.2958058998003627,5.939434111851937,0.25913281804107574,Child
306,307,1,0,0.35,0.12808844391457677,1,0,0,0.0,0,0,0,1,1,0,0,0,-0.10348315383270892,0.2164297877224253,4.177620947652529,0.19592016494808998,Child
307,308,1,0,0.2125,0.12808844391457677,1,0,0,0.1,1,0,0,0,1,0,0,0,-0.9488062183502551,0.2125586439344078,4.091697967706858,0.19273270879136792,Child
308,309,0,1,0.375,0.04684488,0,1,0,0.1,1,0,0,0,1,0,0,1,0.05021194880684509,0.04684488,0.4135549704533779,0.045780764274107585,Child
309,310,1,0,0.375,0.1111183980924764,1,0,0,0.0,0,0,0,1,1,0,0,0,0.05021194880684509,0.1111183980924764,1.8401545773168166,0.10536707391954961,Child
310,311,1,0,0.3,0.12808844391457677,1,0,0,0.0,0,0,0,1,1,0,0,0,-0.4108733591118166,0.1623141917345331,2.976484145860679,0.1504130106373204,Child
311,312,1,0,0.225,0.12808844391457677,1,0,0,0.4,0,0,0,1,1,0,0,0,-0.8719586670304781,0.5121218935012878,10.740732076092934,0.4135138919029653,Child
312,313,0,0,0.325,0.0507486202230909,0,1,0,0.2,1,0,0,0,0,0,1,0,-0.2571782564722626,0.0507486202230909,0.5002014530614362,0.04950288176693388,Child
313,314,0,1,0.35,0.0154115752137492,0,0,1,0.0,1,0,0,0,0,0,1,1,-0.10348315383270892,0.0154115752137492,-0.2841311307798632,0.015294023125181874,Child
314,315,0,1,0.5375,0.051236588,0,1,0,0.2,1,0,0,0,0,0,1,1,1.0492301159639452,0.051236588,0.5110322689146924,0.049967174078569536,Child
315,316,1,0,0.325,0.0153303774213923,0,0,1,0.0,0,0,0,1,0,0,1,0,-0.2571782564722626,0.0153303774213923,-0.28593337752303766,0.015214054528192182,Child
316,317,1,0,0.3,0.0507486202230909,0,1,0,0.1,1,0,0,0,0,0,1,0,-0.4108733591118166,0.0507486202230909,0.5002014530614362,0.04950288176693388,Child
317,318,0,1,0.675,0.0273261801201258,0,1,0,0.0,1,0,0,0,0,0,1,1,1.894553180481492,0.0273261801201258,-0.019677415162268827,0.02695948531147118,Child
318,319,1,0,0.3875,0.12808844391457677,1,0,0,0.2,0,0,0,1,0,0,1,0,0.1270595001266221,0.3217983671436256,6.516356688891486,0.27899320872558553,Child
319,320,1,0,0.5,0.12808844391457677,1,0,0,0.2,1,0,0,0,1,0,0,0,0.8186874620046145,0.2625265161540666,5.200772886584093,0.2331148848411303,Child
320,321,0,1,0.275,0.014151057562208,0,0,1,0.0,1,0,0,0,0,0,1,1,-0.5645684617513703,0.014151057562208,-0.31210927853810133,0.014051866028611897,Child
321,322,0,1,0.3375,0.0154115752137492,0,0,1,0.0,1,0,0,0,0,0,1,1,-0.1803307051524856,0.0154115752137492,-0.2841311307798632,0.015294023125181874,Child
322,323,1,0,0.375,0.0241055946059681,0,1,0,0.0,0,0,0,1,0,1,0,0,0.05021194880684509,0.0241055946059681,-0.09116075954302824,0.02381964103323265,Child
323,324,1,0,0.275,0.0566042302488321,0,1,0,0.2,1,0,0,0,0,0,1,0,-0.5645684617513703,0.0566042302488321,0.6301711701173607,0.05506020938272152,Child
324,325,0,1,0.35,0.12808844391457677,0,0,1,1.0,1,0,0,0,0,0,1,1,-0.10348315383270892,0.1357525590967682,2.386928512323294,0.12729547887673298,Child
325,326,1,0,0.45,0.12808844391457677,1,0,0,0.0,0,0,0,1,1,0,0,0,0.5112972567255067,0.2647385704347907,5.249871113363918,0.2348654371336885,Child
326,327,0,1,0.7625,0.0121747891785203,0,0,1,0.0,1,0,0,0,0,0,1,1,2.43248603971993,0.0121747891785203,-0.35597405804447696,0.012101272531048101,Child
327,328,1,0,0.45,0.0253743101115454,0,1,0,0.0,1,0,0,0,0,0,1,0,0.5112972567255067,0.0253743101115454,-0.06300065418091039,0.02505772652479575,Child
328,329,1,0,0.3875,0.040062132,0,0,1,0.2,1,0,0,0,0,0,1,0,0.1270595001266221,0.040062132,0.2630067210743473,0.03928045367647301,Child
329,330,1,0,0.2,0.1131678616014859,1,0,0,0.1,0,0,0,1,1,0,0,0,-1.025653769670032,0.1131678616014859,1.885643978286392,0.10720987997031249,Child
330,331,1,0,0.35,0.045380978,0,0,1,0.2,0,0,0,1,0,1,0,0,-0.10348315383270892,0.045380978,0.38106255243011344,0.044381391225263564,Child
331,332,0,1,0.56875,0.0556282952445419,1,0,0,0.0,1,0,0,0,0,0,1,1,1.2413489942633875,0.0556282952445419,0.60850955060804,0.05413613018030514,Child
332,333,0,1,0.475,0.12808844391457677,1,0,0,0.1,1,0,0,0,0,0,1,1,0.6649923593650604,0.2995388511917728,6.022289806475091,0.2620094716834916,Child
333,334,0,1,0.2,0.03513366,0,0,1,0.2,1,0,0,0,0,0,1,1,-1.025653769670032,0.03513366,0.15361553748421974,0.0345305584760863,Child
334,335,1,0,0.35,0.12808844391457677,1,0,0,0.1,1,0,0,0,0,0,1,0,-0.10348315383270892,0.2608674266467732,5.163948133418247,0.23179991794815435,Child
335,336,0,1,0.35,0.0154115752137492,0,0,1,0.0,1,0,0,0,0,0,1,1,-0.10348315383270892,0.0154115752137492,-0.2841311307798632,0.015294023125181874,Child
336,337,0,1,0.3625,0.12808844391457677,1,0,0,0.1,1,0,0,0,0,0,1,1,-0.02663560251293192,0.1299945425714559,2.2591249572182988,0.12221280312980434,Child
337,338,1,0,0.5125,0.12808844391457677,1,0,0,0.0,0,0,0,1,1,0,0,0,0.8955350133243911,0.2625265161540666,5.200772886584093,0.2331148848411303,Child
338,339,1,1,0.5625,0.0157125535690723,0,0,1,0.0,1,0,0,0,0,0,1,1,1.202925218603499,0.0157125535690723,-0.27745068732318856,0.01559038941147719,Child
339,340,0,1,0.5625,0.069291385,1,0,0,0.0,1,0,0,0,0,0,1,1,1.202925218603499,0.069291385,0.9117722169775976,0.06699617207542916,Child
340,341,1,1,0.025,0.0507486202230909,0,1,0,0.2,0,0,1,0,0,0,1,1,-2.1015194881469093,0.0507486202230909,0.5002014530614362,0.04950288176693388,Child
341,342,1,0,0.3,0.12808844391457677,1,0,0,0.5,0,0,0,1,0,0,1,0,-0.4108733591118166,0.5133418122566505,10.767809100479585,0.41432032618221587,Child
342,343,0,1,0.35,0.0253743101115454,0,1,0,0.0,1,0,0,0,0,0,1,1,-0.10348315383270892,0.0253743101115454,-0.06300065418091039,0.02505772652479575,Child
343,344,0,1,0.3125,0.0253743101115454,0,1,0,0.0,1,0,0,0,0,0,1,1,-0.3340258077920396,0.0253743101115454,-0.06300065418091039,0.02505772652479575,Child
344,345,0,1,0.45,0.0253743101115454,0,1,0,0.0,1,0,0,0,0,0,1,1,0.5112972567255067,0.0253743101115454,-0.06300065418091039,0.02505772652479575,Child
345,346,1,0,0.3,0.0253743101115454,0,1,0,0.0,0,0,0,1,0,0,1,0,-0.4108733591118166,0.0253743101115454,-0.06300065418091039,0.02505772652479575,Child
346,347,1,0,0.5,0.0253743101115454,0,1,0,0.0,0,0,0,1,0,0,1,0,0.8186874620046145,0.0253743101115454,-0.06300065418091039,0.02505772652479575,Child
347,348,1,0,0.35,0.0314251071381447,0,0,1,0.1,1,0,0,0,0,0,1,0,-0.10348315383270892,0.0314251071381447,0.07130138677687967,0.030941445113450382,Child
348,349,1,1,0.0375,0.0310347331364286,0,0,1,0.2,0,0,1,0,0,0,1,1,-2.0246719368271324,0.0310347331364286,0.06263673897315095,0.030562893251489386,Child
349,350,0,1,0.525,0.0169080739493278,0,0,1,0.0,1,0,0,0,0,0,1,1,0.9723825646441685,0.0169080739493278,-0.25091520342427054,0.01676672355069601,Child
350,351,0,1,0.2875,0.018006001,0,0,1,0.0,1,0,0,0,0,0,1,1,-0.4877209104315936,0.018006001,-0.2265458776842339,0.01784581300290118,Child
351,352,0,1,0.35,0.06831545,1,0,0,0.0,1,0,0,0,0,0,1,1,-0.10348315383270892,0.06831545,0.8901105975635011,0.0660830620948384,Child
352,353,0,1,0.1875,0.0141104586660295,0,0,1,0.2,1,0,0,0,1,0,0,1,-1.102501320989809,0.0141104586660295,-0.3130104019096897,0.014011832831847981,Child
353,354,0,1,0.3125,0.0347432861527314,0,0,1,0.1,1,0,0,0,0,0,1,1,-0.3340258077920396,0.0347432861527314,0.1449508931085708,0.034153363249459334,Child
354,355,0,1,0.35,0.0141022608119935,0,0,1,0.0,1,0,0,0,1,0,0,1,-0.10348315383270892,0.0141022608119935,-0.31319235951356716,0.014003749011095535,Child
355,356,0,1,0.35,0.0185427650815139,0,0,1,0.0,1,0,0,0,0,0,1,1,-0.10348315383270892,0.0185427650815139,-0.21463199074615794,0.018372944101240428,Child
356,357,1,0,0.275,0.1073528504719231,1,0,0,0.1,0,0,0,1,0,0,1,0,-0.5645684617513703,0.1073528504719231,1.7565753846020535,0.10197234771859269,Child
357,358,0,0,0.475,0.0253743101115454,0,1,0,0.0,0,0,0,1,0,0,1,0,0.6649923593650604,0.0253743101115454,-0.06300065418091039,0.02505772652479575,Child
358,359,1,0,0.35,0.015379174,0,0,1,0.0,0,0,0,1,0,1,0,0,-0.10348315383270892,0.015379174,-0.2848503003565152,0.015262113177035328,Child
359,360,1,0,0.35,0.015379174,0,0,1,0.0,0,0,0,1,0,1,0,0,-0.10348315383270892,0.015379174,-0.2848503003565152,0.015262113177035328,Child
360,361,0,1,0.5,0.054457173,0,0,1,0.5,1,0,0,0,0,0,1,1,0.8186874620046145,0.054457173,0.5825156018833307,0.05302610655100989,Child
361,362,0,1,0.3625,0.054107398,0,1,0,0.1,1,0,0,0,1,0,0,1,-0.02663560251293192,0.054107398,0.5747520797936777,0.05269434056383655,Child
362,363,0,0,0.5625,0.0282127194780231,0,0,1,0.1,1,0,0,0,1,0,0,0,1.202925218603499,0.0282127194780231,0.0,0.027822071189111418,Child
363,364,0,1,0.4375,0.0137606835604919,0,0,1,0.0,1,0,0,0,0,0,1,1,0.4344497054057298,0.0137606835604919,-0.3207739263418301,0.01366686504595381,Child
364,365,0,1,0.35,0.0302539851329965,0,0,1,0.1,1,0,0,0,0,1,0,1,-0.10348315383270892,0.0302539851329965,0.04530744336569568,0.02980535935160553,Child
365,366,0,1,0.375,0.014151057562208,0,0,1,0.0,1,0,0,0,0,0,1,1,0.05021194880684509,0.014151057562208,-0.31210927853810133,0.014051866028611897,Child
366,367,1,0,0.75,0.12808844391457677,1,0,0,0.1,1,0,0,0,1,0,0,0,2.355638488400153,0.1468782181456766,2.633870974729553,0.13704365826944026,Child
367,368,1,0,0.35,0.0141104586660295,0,0,1,0.0,1,0,0,0,1,0,0,0,-0.10348315383270892,0.0141104586660295,-0.3130104019096897,0.014011832831847981,Child
368,369,1,0,0.35,0.0151269925664982,0,0,1,0.0,0,0,0,1,0,1,0,0,-0.10348315383270892,0.0151269925664982,-0.2904476590287806,0.015013720496480372,Child
369,370,1,0,0.3,0.12808844391457677,1,0,0,0.0,0,1,0,0,1,0,0,0,-0.4108733591118166,0.1352645915946231,2.3760977025686336,0.12686574411272553,Child
370,371,1,1,0.3125,0.1082149914547131,1,0,0,0.1,1,0,0,0,1,0,0,1,-0.3340258077920396,0.1082149914547131,1.7757112592765885,0.10275060511156492,Child
371,372,0,1,0.225,0.0126789572017366,0,0,1,0.1,1,0,0,0,0,0,1,1,-0.8719586670304781,0.0126789572017366,-0.34478366540596217,0.012599252234062575,Child
372,373,0,1,0.2375,0.0157125535690723,0,0,1,0.0,1,0,0,0,0,0,1,1,-0.7951111157107013,0.0157125535690723,-0.27745068732318856,0.01559038941147719,Child
373,374,0,1,0.275,0.12808844391457677,1,0,0,0.0,1,0,0,0,1,0,0,1,-0.5645684617513703,0.2647385704347907,5.249871113363918,0.2348654371336885,Child
374,375,0,0,0.0375,0.04113566,0,0,1,0.4,0,0,0,1,0,0,1,0,-2.0246719368271324,0.04113566,0.2868344913319732,0.04031209814519068,Child
375,376,1,0,0.35,0.12808844391457677,1,0,0,0.1,1,0,0,0,1,0,0,0,-0.10348315383270892,0.16038672,2.9337024450866687,0.14875332887008352,Child
376,377,1,0,0.275,0.014151057562208,0,0,1,0.0,0,0,0,1,0,0,1,0,-0.5645684617513703,0.014151057562208,-0.31210927853810133,0.014051866028611897,Child
377,378,0,1,0.3375,0.12808844391457677,1,0,0,0.2,1,0,0,0,1,0,0,1,-0.1803307051524856,0.4128205068147589,8.536662291019523,0.3455880657783258,Child
378,379,0,1,0.25,0.007831878,0,0,1,0.0,1,0,0,0,1,0,0,1,-0.7182635643909243,0.007831878,-0.4523682739485403,0.007801368040149238,Child
379,380,0,1,0.2375,0.0151757893167127,0,0,1,0.0,1,0,0,0,0,0,1,1,-0.7951111157107013,0.0151757893167127,-0.2893645780533148,0.015061788942880898,Child
380,381,1,0,0.525,0.12808844391457677,1,0,0,0.0,0,0,0,1,1,0,0,0,0.9723825646441685,0.4440992237022602,9.230917196293262,0.36748575258515254,Child
381,382,1,0,0.0125,0.0307257521140704,0,0,1,0.2,0,0,0,1,1,0,0,0,-2.178367039466686,0.0307257521140704,0.055778670236501744,0.030263167820837555,Child
382,383,0,1,0.4,0.0154685698179998,0,0,1,0.0,1,0,0,0,0,0,1,1,0.2039070514463991,0.0154685698179998,-0.28286609220051767,0.015350151109302445,Child
383,384,1,0,0.4375,0.1014972404461818,1,0,0,0.1,1,0,0,0,0,0,1,0,0.4344497054057298,0.1014972404461818,1.626605667546127,0.09667038198810923,Child
384,385,0,1,0.35,0.0154115752137492,0,0,1,0.0,1,0,0,0,0,0,1,1,-0.10348315383270892,0.0154115752137492,-0.2841311307798632,0.015294023125181874,Child
385,386,0,1,0.225,0.12808844391457677,0,1,0,0.0,1,0,0,0,0,0,1,1,-0.8719586670304781,0.1434624456306609,2.558055306446931,0.1340608923416298,Child
386,387,0,1,0.0125,0.091542703,0,0,1,0.7,0,0,1,0,0,0,1,1,-2.178367039466686,0.091542703,1.4056571396189983,0.08759201946748797,Child
387,388,1,0,0.45,0.0253743101115454,0,1,0,0.0,0,0,0,1,0,0,1,0,0.5112972567255067,0.0253743101115454,-0.06300065418091039,0.02505772652479575,Child
388,389,0,1,0.35,0.0150863936703197,0,0,1,0.0,1,0,0,0,0,1,0,1,-0.10348315383270892,0.0150863936703197,-0.29134878240036893,0.014973725788082586,Child
389,390,1,0,0.2125,0.023422440102965,0,1,0,0.0,0,0,0,1,1,0,0,0,-0.9488062183502551,0.023422440102965,-0.10632389319955188,0.023152344159370706,Child
390,391,1,1,0.45,0.12808844391457677,1,0,0,0.3,1,0,0,0,0,0,1,1,0.5112972567255067,0.2342244010296504,4.572585920813782,0.21044275743508428,Child
391,392,1,1,0.2625,0.0152163882128912,0,0,1,0.0,1,0,0,0,0,0,1,1,-0.6414160130711473,0.0152163882128912,-0.2884634546817264,0.015101780129443987,Child
392,393,0,1,0.35,0.0154685698179998,0,0,1,0.2,1,0,0,0,0,0,1,1,-0.10348315383270892,0.0154685698179998,-0.28286609220051767,0.015350151109302445,Child
393,394,1,0,0.2875,0.12808844391457677,1,0,0,0.1,0,0,0,1,1,0,0,0,-0.4877209104315936,0.2210980752219471,4.281237138413416,0.19975051558989138,Child
394,395,1,0,0.3,0.032596229,0,0,1,0.2,1,0,0,0,0,0,1,0,-0.4108733591118166,0.032596229,0.09729532700756881,0.0320762415102006,Child
395,396,0,1,0.275,0.0152163882128912,0,0,1,0.0,1,0,0,0,0,0,1,1,-0.5645684617513703,0.0152163882128912,-0.2884634546817264,0.015101780129443987,Child
396,397,0,0,0.3875,0.0153303774213923,0,0,1,0.0,0,0,0,1,0,0,1,0,0.1270595001266221,0.0153303774213923,-0.28593337752303766,0.015214054528192182,Child
397,398,0,1,0.575,0.0507486202230909,0,1,0,0.0,1,0,0,0,0,0,1,1,1.279772769923276,0.0507486202230909,0.5002014530614362,0.04950288176693388,Child
398,399,0,1,0.2875,0.0204946350900944,0,1,0,0.0,1,0,0,0,0,0,1,1,-0.4877209104315936,0.0204946350900944,-0.17130875172751414,0.020287446115378614,Child
399,400,1,0,0.35,0.024691156,0,1,0,0.0,1,0,0,0,0,0,1,0,-0.10348315383270892,0.024691156,-0.07816377914873272,0.024391255967513216,Child
400,401,1,1,0.4875,0.0154685698179998,0,0,1,0.0,1,0,0,0,0,0,1,1,0.7418399106848375,0.0154685698179998,-0.28286609220051767,0.015350151109302445,Child
401,402,0,1,0.325,0.0157125535690723,0,0,1,0.0,1,0,0,0,0,0,1,1,-0.2571782564722626,0.0157125535690723,-0.27745068732318856,0.01559038941147719,Child
402,403,0,0,0.2625,0.0191771228343026,0,0,1,0.1,0,0,0,1,0,0,1,0,-0.6414160130711473,0.0191771228343026,-0.20055193806509786,0.018995559385159465,Child
403,404,0,1,0.35,0.0309371396359996,0,0,1,0.1,1,0,0,0,0,0,1,1,-0.10348315383270892,0.0309371396359996,0.06047057702221931,0.030468232890899054,Child
404,405,0,0,0.25,0.0169080739493278,0,0,1,0.0,0,0,0,1,0,0,1,0,-0.7182635643909243,0.0169080739493278,-0.25091520342427054,0.01676672355069601,Child
405,406,0,1,0.425,0.04098927,0,1,0,0.1,1,0,0,0,0,0,1,1,0.35760215408595275,0.04098927,0.2835852539687989,0.040171482182976344,Child
406,407,0,1,0.6375,0.0151269925664982,0,0,1,0.0,1,0,0,0,0,0,1,1,1.6640105265221605,0.0151269925664982,-0.2904476590287806,0.015013720496480372,Child
407,408,1,1,0.0375,0.036597563,0,1,0,0.2,0,0,1,0,0,0,1,1,-2.0246719368271324,0.036597563,0.18610797770324475,0.03594377581566029,Child
408,409,0,1,0.2625,0.0151757893167127,0,0,1,0.0,1,0,0,0,0,0,1,1,-0.6414160130711473,0.0151757893167127,-0.2893645780533148,0.015061788942880898,Child
409,410,0,0,0.35,0.049707688,0,0,1,0.4,0,0,0,1,0,0,1,0,-0.10348315383270892,0.049707688,0.4770971708577397,0.048511733030127215,Child
410,411,0,1,0.35,0.0154115752137492,0,0,1,0.0,1,0,0,0,0,0,1,1,-0.10348315383270892,0.0154115752137492,-0.2841311307798632,0.015294023125181874,Child
411,412,0,1,0.35,0.013386510079847,0,0,1,0.0,1,0,0,0,0,1,0,1,-0.10348315383270892,0.013386510079847,-0.32907899126170453,0.01329770242562888,Child
412,413,1,0,0.4125,0.12808844391457677,1,0,0,0.1,0,0,0,1,0,1,0,0,0.28075460276617575,0.1756683007722378,3.272888750254523,0.16183675252436677,Child
413,414,0,1,0.35,0.0,0,1,0,0.0,1,0,0,0,0,0,1,1,-0.10348315383270892,0.0,-0.6262027614232546,0.0,Child
414,415,1,1,0.55,0.0154685698179998,0,0,1,0.0,1,0,0,0,0,0,1,1,1.1260776672837225,0.0154685698179998,-0.28286609220051767,0.015350151109302445,Child
415,416,0,0,0.35,0.0157125535690723,0,0,1,0.0,1,0,0,0,0,0,1,0,-0.10348315383270892,0.0157125535690723,-0.27745068732318856,0.01559038941147719,Child
416,417,1,0,0.425,0.063435775,0,1,0,0.2,1,0,0,0,0,0,1,0,0.35760215408595275,0.063435775,0.7818025004930186,0.061504963613623516,Child
417,418,1,0,0.225,0.0253743101115454,0,1,0,0.2,0,0,0,1,0,0,1,0,-0.8719586670304781,0.0253743101115454,-0.06300065418091039,0.02505772652479575,Child
418,419,0,1,0.375,0.0253743101115454,0,1,0,0.0,1,0,0,0,0,0,1,1,0.05021194880684509,0.0253743101115454,-0.06300065418091039,0.02505772652479575,Child
419,420,0,0,0.125,0.047137661,0,0,1,0.2,0,0,0,1,0,0,1,0,-1.4867390775886937,0.047137661,0.42005346737548704,0.04606040462083951,Child
420,421,0,1,0.35,0.0154115752137492,0,0,1,0.0,1,0,0,0,1,0,0,1,-0.10348315383270892,0.0154115752137492,-0.2841311307798632,0.015294023125181874,Child
421,422,0,1,0.2625,0.0150943963373549,0,0,1,0.0,1,0,0,0,0,1,0,1,-0.6414160130711473,0.0150943963373549,-0.29117115712039204,0.014981609486987265,Child
422,423,0,1,0.3625,0.0153709763175708,0,0,1,0.0,1,0,0,0,0,0,1,1,-0.02663560251293192,0.0153709763175708,-0.2850322541514493,0.01525403962605914,Child
423,424,0,0,0.35,0.028106928123558,0,0,1,0.2,1,0,0,0,0,0,1,0,-0.10348315383270892,0.028106928123558,-0.0023481195548113224,0.027719177308112103,Child
424,425,0,1,0.225,0.0394521725484317,0,0,1,0.2,1,0,0,0,0,0,1,1,-0.8719586670304781,0.0394521725484317,0.2494682072410454,0.03869381720301679,Child
425,426,0,1,0.35,0.014151057562208,0,0,1,0.0,1,0,0,0,0,0,1,1,-0.10348315383270892,0.014151057562208,-0.31210927853810133,0.014051866028611897,Child
426,427,1,0,0.35,0.0507486202230909,0,1,0,0.1,1,0,0,0,0,0,1,0,-0.10348315383270892,0.0507486202230909,0.5002014530614362,0.04950288176693388,Child
427,428,1,0,0.2375,0.0507486202230909,0,1,0,0.0,1,0,0,0,0,0,1,0,-0.7951111157107013,0.0507486202230909,0.5002014530614362,0.04950288176693388,Child
428,429,0,1,0.35,0.0151269925664982,0,0,1,0.0,1,0,0,0,0,1,0,1,-0.10348315383270892,0.0151269925664982,-0.2904476590287806,0.015013720496480372,Child
429,430,1,1,0.4,0.0157125535690723,0,0,1,0.0,1,0,0,0,0,0,1,1,0.2039070514463991,0.0157125535690723,-0.27745068732318856,0.01559038941147719,Child
430,431,1,1,0.35,0.0518221487278101,1,0,0,0.0,1,0,0,0,0,0,1,1,-0.10348315383270892,0.0518221487278101,0.5240292345216886,0.0505240398785738,Child
431,432,1,0,0.35,0.0314251071381447,0,0,1,0.1,1,0,0,0,0,0,1,0,-0.10348315383270892,0.0314251071381447,0.07130138677687967,0.030941445113450382,Child
432,433,1,0,0.525,0.0507486202230909,0,1,0,0.1,1,0,0,0,0,0,1,0,0.9723825646441685,0.0507486202230909,0.5002014530614362,0.04950288176693388,Child
433,434,0,1,0.2125,0.0139070738111354,0,0,1,0.0,1,0,0,0,0,0,1,1,-0.9488062183502551,0.0139070738111354,-0.31752468341543266,0.01381125778521362,Child
434,435,0,1,0.625,0.1091095334796455,1,0,0,0.1,1,0,0,0,0,0,1,1,1.587162975202384,0.1091095334796455,1.795566299718832,0.10355747128149577,Child
435,436,1,0,0.175,0.12808844391457677,1,0,0,0.3,0,0,0,1,0,0,1,0,-1.179348872309586,0.2342244010296504,4.572585920813782,0.21044275743508428,Child
436,437,0,0,0.2625,0.067095532,0,0,1,0.4,0,0,0,1,0,0,1,0,-0.6414160130711473,0.067095532,0.8630335899427007,0.0649405015826051,Child
437,438,1,0,0.3,0.036597563,0,1,0,0.5,1,0,0,0,0,0,1,0,-0.4108733591118166,0.036597563,0.18610797770324475,0.03594377581566029,Child
438,439,0,1,0.8,0.12808844391457677,1,0,0,0.5,1,0,0,0,0,0,1,1,2.6630286936792613,0.5133418122566505,10.767809100479585,0.41432032618221587,Child
439,440,0,1,0.3875,0.0204946350900944,0,1,0,0.0,1,0,0,0,0,0,1,1,0.1270595001266221,0.0204946350900944,-0.17130875172751414,0.020287446115378614,Child
440,441,1,0,0.5625,0.051236588,0,1,0,0.2,1,0,0,0,0,0,1,0,1.202925218603499,0.051236588,0.5110322689146924,0.049967174078569536,Child
441,442,0,1,0.25,0.0185427650815139,0,0,1,0.0,1,0,0,0,0,0,1,1,-0.7182635643909243,0.0185427650815139,-0.21463199074615794,0.018372944101240428,Child
442,443,0,1,0.3125,0.0151757893167127,0,0,1,0.1,1,0,0,0,0,0,1,1,-0.3340258077920396,0.0151757893167127,-0.2893645780533148,0.015061788942880898,Child
443,444,1,0,0.35,0.0253743101115454,0,1,0,0.0,0,1,0,0,0,0,1,0,-0.10348315383270892,0.0253743101115454,-0.06300065418091039,0.02505772652479575,Child
444,445,1,1,0.35,0.0158345454446086,0,0,1,0.0,1,0,0,0,0,0,1,1,-0.10348315383270892,0.0158345454446086,-0.274742984884523,0.015710486923114657,Child
445,446,1,1,0.05,0.12808844391457677,1,0,0,0.2,0,0,1,0,0,0,1,1,-1.9478243855073554,0.1597767607233786,2.9201639351364457,0.14822753894558782,Child
446,447,1,0,0.1625,0.038061465,0,1,0,0.1,0,0,0,1,0,0,1,0,-1.2561964236293628,0.038061465,0.21860039572650938,0.0373549978267912,Child
447,448,1,1,0.425,0.0518221487278101,1,0,0,0.0,1,0,0,0,0,0,1,1,0.35760215408595275,0.0518221487278101,0.5240292345216886,0.0505240398785738,Child
448,449,1,0,0.0625,0.037589698,0,0,1,0.3,0,0,0,1,1,0,0,0,-1.8709768341875783,0.037589698,0.20812916843562407,0.036900425289234526,Child
449,450,1,1,0.65,0.059532035,1,0,0,0.0,1,0,0,0,0,0,1,1,1.7408580778419378,0.059532035,0.6951560228366325,0.057827334229477924,Child
450,451,0,1,0.45,0.054164393,0,1,0,0.3,1,0,0,0,0,0,1,1,0.5112972567255067,0.054164393,0.576017127156982,0.05274840854525829,Child
451,452,0,1,0.35,0.038972403,0,0,1,0.1,1,0,0,0,0,0,1,1,-0.10348315383270892,0.038972403,0.23881935730267814,0.038232150647879506,Child
452,453,0,1,0.375,0.054164393,1,0,0,0.0,1,0,0,0,1,0,0,1,0.05021194880684509,0.054164393,0.576017127156982,0.05274840854525829,Child
453,454,1,1,0.6125,0.12808844391457677,1,0,0,0.1,1,0,0,0,1,0,0,1,1.510315423882607,0.1739198156185515,3.2340797927416243,0.16034841891878715,Child
454,455,0,1,0.35,0.0157125535690723,0,0,1,0.0,1,0,0,0,0,0,1,1,-0.10348315383270892,0.0157125535690723,-0.27745068732318856,0.01559038941147719,Child
455,456,1,1,0.3625,0.0154115752137492,0,0,1,0.0,1,0,0,0,1,0,0,1,-0.02663560251293192,0.0154115752137492,-0.2841311307798632,0.015294023125181874,Child
456,457,0,1,0.8125,0.0518221487278101,1,0,0,0.0,1,0,0,0,0,0,1,1,2.739876244999038,0.0518221487278101,0.5240292345216886,0.0505240398785738,Child
457,458,1,0,0.35,0.101228858320002,1,0,0,0.1,1,0,0,0,0,0,1,0,-0.10348315383270892,0.101228858320002,1.620648722181064,0.09642670019066905,Child
458,459,1,0,0.625,0.0204946350900944,0,1,0,0.0,0,0,0,1,0,0,1,0,1.587162975202384,0.0204946350900944,-0.17130875172751414,0.020287446115378614,Child
459,460,0,1,0.35,0.0151269925664982,0,0,1,0.0,1,0,0,0,0,1,0,1,-0.10348315383270892,0.0151269925664982,-0.2904476590287806,0.015013720496480372,Child
460,461,1,1,0.6,0.0518221487278101,1,0,0,0.0,1,0,0,0,0,0,1,1,1.4334678725628298,0.0518221487278101,0.5240292345216886,0.0505240398785738,Child
461,462,0,1,0.425,0.0157125535690723,0,0,1,0.0,1,0,0,0,0,0,1,1,0.35760215408595275,0.0157125535690723,-0.27745068732318856,0.01559038941147719,Child
462,463,0,1,0.5875,0.075146995,1,0,0,0.0,1,0,0,0,0,0,1,1,1.3566203212430532,0.075146995,1.0417419334621767,0.07245739176651178,Child
463,464,0,1,0.6,0.0253743101115454,0,1,0,0.0,1,0,0,0,0,0,1,1,1.4334678725628298,0.0253743101115454,-0.06300065418091039,0.02505772652479575,Child
464,465,0,1,0.35,0.0157125535690723,0,0,1,0.0,1,0,0,0,0,0,1,1,-0.10348315383270892,0.0157125535690723,-0.27745068732318856,0.01559038941147719,Child
465,466,0,1,0.475,0.0137606835604919,0,0,1,0.0,1,0,0,0,0,0,1,1,0.6649923593650604,0.0137606835604919,-0.3207739263418301,0.01366686504595381,Child
466,467,0,1,0.35,0.0,0,1,0,0.0,1,0,0,0,0,0,1,1,-0.10348315383270892,0.0,-0.6262027614232546,0.0,Child
467,468,0,1,0.7,0.0518221487278101,1,0,0,0.0,1,0,0,0,0,0,1,1,2.0482482831210453,0.0518221487278101,0.5240292345216886,0.0505240398785738,Child
468,469,0,1,0.35,0.0150781958162837,0,0,1,0.0,1,0,0,0,0,1,0,1,-0.10348315383270892,0.0150781958162837,-0.29153074000424645,0.014965649739393235,Child
469,470,1,0,0.009375,0.037589698,0,0,1,0.3,0,0,0,1,1,0,0,0,-2.19757892729663,0.037589698,0.20812916843562407,0.036900425289234526,Child
470,471,0,1,0.35,0.014151057562208,0,0,1,0.0,1,0,0,0,0,0,1,1,-0.10348315383270892,0.014151057562208,-0.31210927853810133,0.014051866028611897,Child
471,472,0,1,0.475,0.0169080739493278,0,0,1,0.0,1,0,0,0,0,0,1,1,0.6649923593650604,0.0169080739493278,-0.25091520342427054,0.01676672355069601,Child
472,473,1,0,0.4125,0.054164393,0,1,0,0.3,1,0,0,0,0,0,1,0,0.28075460276617575,0.054164393,0.576017127156982,0.05274840854525829,Child
473,474,1,0,0.2875,0.0269196055973385,0,1,0,0.0,1,0,0,0,1,0,0,0,-0.4877209104315936,0.0269196055973385,-0.028701645849851902,0.02656364706181005,Child
474,475,0,0,0.275,0.0192015212094098,0,0,1,0.0,0,0,0,1,0,0,1,0,-0.5645684617513703,0.0192015212094098,-0.20001039757736605,0.019019498387051643,Child
475,476,0,1,0.35,0.1014972404461818,1,0,0,0.0,1,0,0,0,0,0,1,1,-0.10348315383270892,0.1014972404461818,1.626605667546127,0.09667038198810923,Child
476,477,0,1,0.425,0.04098927,0,1,0,0.1,1,0,0,0,0,0,1,1,0.35760215408595275,0.04098927,0.2835852539687989,0.040171482182976344,Child
477,478,0,1,0.3625,0.0137524857064559,0,0,1,0.1,1,0,0,0,0,0,1,1,-0.02663560251293192,0.0137524857064559,-0.32095588394570757,0.013658778436051287,Child
478,479,0,1,0.275,0.0146796239605316,0,0,1,0.0,1,0,0,0,0,0,1,1,-0.5645684617513703,0.0146796239605316,-0.3003773454118526,0.014572921250317864,Child
479,480,1,0,0.025,0.0239836027304319,0,0,1,0.1,0,0,0,1,0,0,1,0,-2.1015194881469093,0.0239836027304319,-0.0938684619816917,0.023700513530544653,Child
480,481,0,1,0.1125,0.091542703,0,0,1,0.7,0,0,1,0,0,0,1,1,-1.5635866289084708,0.091542703,1.4056571396189983,0.08759201946748797,Child
481,482,0,1,0.35,0.0,0,1,0,0.0,1,0,0,0,0,0,1,1,-0.10348315383270892,0.0,-0.6262027614232546,0.0,Child
482,483,0,1,0.625,0.0157125535690723,0,0,1,0.0,1,0,0,0,0,0,1,1,1.587162975202384,0.0157125535690723,-0.27745068732318856,0.01559038941147719,Child
483,484,1,0,0.7875,0.0187135537072647,0,0,1,0.0,1,0,0,0,0,0,1,0,2.586181142359484,0.0187135537072647,-0.21084120733202646,0.018540609430905415,Child
484,485,1,1,0.3125,0.12808844391457677,1,0,0,0.1,1,0,0,0,1,0,0,1,-0.3340258077920396,0.1777747588854978,3.3196431898034415,0.16362686056809064,Child
485,486,0,0,0.35,0.049707688,0,0,1,0.4,0,0,0,1,0,0,1,0,-0.10348315383270892,0.049707688,0.4770971708577397,0.048511733030127215,Child
486,487,1,0,0.4375,0.12808844391457677,1,0,0,0.1,1,0,0,0,0,0,1,0,0.4344497054057298,0.1756683007722378,3.272888750254523,0.16183675252436677,Child
487,488,0,1,0.725,0.0579705392548384,1,0,0,0.0,1,0,0,0,1,0,0,1,2.201943385760599,0.0579705392548384,0.6604974374304103,0.05635248735354935,Child
488,489,0,1,0.375,0.0157125535690723,0,0,1,0.0,1,0,0,0,0,0,1,1,0.05021194880684509,0.0157125535690723,-0.27745068732318856,0.01559038941147719,Child
489,490,1,1,0.1125,0.0310347331364286,0,0,1,0.2,0,0,1,0,0,0,1,1,-1.5635866289084708,0.0310347331364286,0.06263673897315095,0.030562893251489386,Child
490,491,0,1,0.35,0.038972403,0,0,1,0.1,1,0,0,0,0,0,1,1,-0.10348315383270892,0.038972403,0.23881935730267814,0.038232150647879506,Child
491,492,0,1,0.2625,0.014151057562208,0,0,1,0.0,1,0,0,0,0,0,1,1,-0.6414160130711473,0.014151057562208,-0.31210927853810133,0.014051866028611897,Child
492,493,0,1,0.6875,0.059532035,1,0,0,0.0,1,0,0,0,0,0,1,1,1.9714007318012685,0.059532035,0.6951560228366325,0.057827334229477924,Child
493,494,0,1,0.8875,0.096625763,1,0,0,0.0,1,0,0,0,1,0,0,1,3.200961552917699,0.096625763,1.5184795214159594,0.09223797723728476,Child
494,495,0,1,0.2625,0.0157125535690723,0,0,1,0.0,1,0,0,0,0,0,1,1,-0.6414160130711473,0.0157125535690723,-0.27745068732318856,0.01559038941147719,Child
495,496,0,1,0.35,0.0282207221450582,0,0,1,0.0,1,0,0,0,1,0,0,1,-0.10348315383270892,0.0282207221450582,0.00017762527997467977,0.027829854243863555,Child
496,497,1,0,0.675,0.12808844391457677,1,0,0,0.1,0,0,0,1,1,0,0,0,1.894553180481492,0.1527664244005612,2.764564189877092,0.14216464001927753,Child
497,498,0,1,0.35,0.0294732371295643,0,0,1,0.0,1,0,0,0,0,0,1,1,-0.10348315383270892,0.0294732371295643,0.027978147758238172,0.029047251159038442,Child
498,499,0,0,0.3125,0.12808844391457677,1,0,0,0.3,1,0,0,0,0,0,1,0,-0.3340258077920396,0.2958058998003627,5.939434111851937,0.25913281804107574,Child
499,500,0,1,0.3,0.0152163882128912,0,0,1,0.0,1,0,0,0,0,0,1,1,-0.4108733591118166,0.0152163882128912,-0.2884634546817264,0.015101780129443987,Child
500,501,0,1,0.2125,0.0169080739493278,0,0,1,0.0,1,0,0,0,0,0,1,1,-0.9488062183502551,0.0169080739493278,-0.25091520342427054,0.01676672355069601,Child
501,502,0,0,0.2625,0.0151269925664982,0,0,1,0.0,0,0,0,1,0,1,0,0,-0.6414160130711473,0.0151269925664982,-0.2904476590287806,0.015013720496480372,Child
502,503,0,0,0.35,0.0148912066694617,0,0,1,0.0,0,0,0,1,0,1,0,0,-0.10348315383270892,0.0148912066694617,-0.2956811063022322,0.014781421201640993,Child
503,504,0,0,0.4625,0.0187135537072647,0,0,1,0.0,0,0,0,1,0,0,1,0,0.5881448080452838,0.0187135537072647,-0.21084120733202646,0.018540609430905415,Child
504,505,1,0,0.2,0.12808844391457677,1,0,0,0.0,0,0,0,1,0,0,1,0,-1.025653769670032,0.1688367557422063,3.1212574136892752,0.15600902837793396,Child
505,506,0,1,0.225,0.12808844391457677,1,0,0,0.1,1,0,0,0,1,0,0,1,-0.8719586670304781,0.2125586439344078,4.091697967706858,0.19273270879136792,Child
506,507,1,0,0.4125,0.0507486202230909,0,1,0,0.2,1,0,0,0,0,0,1,0,0.28075460276617575,0.0507486202230909,0.5002014530614362,0.04950288176693388,Child
507,508,1,1,0.35,0.0518221487278101,1,0,0,0.0,1,0,0,0,0,0,1,1,-0.10348315383270892,0.0518221487278101,0.5240292345216886,0.0505240398785738,Child
508,509,0,1,0.35,0.043965872,0,0,1,0.0,1,0,0,0,0,0,1,1,-0.10348315383270892,0.043965872,0.3496531987307334,0.043026799270956144,Child
509,510,1,1,0.325,0.1102724576307577,0,0,1,0.0,1,0,0,0,0,0,1,1,-0.2571782564722626,0.1102724576307577,1.8213782855261385,0.10460544252952915,Child
510,511,1,1,0.3625,0.0151269925664982,0,0,1,0.0,1,0,0,0,0,1,0,1,-0.02663560251293192,0.0151269925664982,-0.2904476590287806,0.015013720496480372,Child
511,512,0,1,0.35,0.0157125535690723,0,0,1,0.0,1,0,0,0,0,0,1,1,-0.10348315383270892,0.0157125535690723,-0.27745068732318856,0.01559038941147719,Child
512,513,1,1,0.45,0.051309783,1,0,0,0.0,1,0,0,0,0,0,1,1,0.5112972567255067,0.051309783,0.5126568875962796,0.05003679917796247,Child
513,514,1,0,0.675,0.1159410785096769,1,0,0,0.1,1,0,0,0,1,0,0,0,1.894553180481492,0.1159410785096769,1.9471976362840773,0.10969806553096702,Child
514,515,0,1,0.3,0.0146308272103171,0,0,1,0.0,1,0,0,0,0,0,1,1,-0.4108733591118166,0.0146308272103171,-0.30146042638731846,0.014524829298496742,Child
515,516,0,1,0.5875,0.066404179,1,0,0,0.0,1,0,0,0,0,0,1,1,1.3566203212430532,0.066404179,0.8476884844112935,0.06429240866688145,Child
516,517,1,0,0.425,0.0204946350900944,0,1,0,0.0,1,0,0,0,0,0,1,0,0.35760215408595275,0.0204946350900944,-0.17130875172751414,0.020287446115378614,Child
517,518,0,1,0.35,0.047137661,0,0,1,0.0,1,0,0,0,0,1,0,1,-0.10348315383270892,0.047137661,0.42005346737548704,0.04606040462083951,Child
518,519,1,0,0.45,0.0507486202230909,0,1,0,0.1,1,0,0,0,0,0,1,0,0.5112972567255067,0.0507486202230909,0.5002014530614362,0.04950288176693388,Child
519,520,0,1,0.4,0.0154115752137492,0,0,1,0.0,1,0,0,0,0,0,1,1,0.2039070514463991,0.0154115752137492,-0.2841311307798632,0.015294023125181874,Child
520,521,1,0,0.375,0.12808844391457677,1,0,0,0.0,0,0,0,1,0,0,1,0,0.05021194880684509,0.1824998458022693,3.4245200868197707,0.1676307109841702,Child
521,522,0,1,0.275,0.0154115752137492,0,0,1,0.0,1,0,0,0,0,0,1,1,-0.5645684617513703,0.0154115752137492,-0.2841311307798632,0.015294023125181874,Child
522,523,0,1,0.35,0.0141022608119935,0,0,1,0.0,1,0,0,0,1,0,0,1,-0.10348315383270892,0.0141022608119935,-0.31319235951356716,0.014003749011095535,Child
523,524,1,0,0.55,0.1131678616014859,1,0,0,0.1,1,0,0,0,1,0,0,0,1.1260776672837225,0.1131678616014859,1.885643978286392,0.10720987997031249,Child
524,525,0,1,0.35,0.0141104586660295,0,0,1,0.0,1,0,0,0,1,0,0,1,-0.10348315383270892,0.0141104586660295,-0.3130104019096897,0.014011832831847981,Child
525,526,0,1,0.50625,0.0151269925664982,0,0,1,0.0,1,0,0,0,0,1,0,1,0.8571112376645028,0.0151269925664982,-0.2904476590287806,0.015013720496480372,Child
526,527,1,0,0.625,0.0204946350900944,0,1,0,0.0,0,0,0,1,0,0,1,0,1.587162975202384,0.0204946350900944,-0.17130875172751414,0.020287446115378614,Child
527,528,0,1,0.35,0.12808844391457677,1,0,0,0.0,1,0,0,0,0,0,1,1,-0.10348315383270892,0.4328841690069588,8.98199052953995,0.35968931446036284,Child
528,529,0,1,0.4875,0.0154685698179998,0,0,1,0.0,1,0,0,0,0,0,1,1,0.7418399106848375,0.0154685698179998,-0.28286609220051767,0.015350151109302445,Child
529,530,0,1,0.2875,0.0224465050986748,0,1,0,0.3,1,0,0,0,0,0,1,1,-0.4877209104315936,0.0224465050986748,-0.12798551270887265,0.022198289814291155,Child
530,531,1,0,0.025,0.0507486202230909,0,1,0,0.2,0,0,0,1,0,0,1,0,-2.1015194881469093,0.0507486202230909,0.5002014530614362,0.04950288176693388,Child
531,532,0,1,0.35,0.0141104586660295,0,0,1,0.0,1,0,0,0,1,0,0,1,-0.10348315383270892,0.0141104586660295,-0.3130104019096897,0.014011832831847981,Child
532,533,0,1,0.2125,0.0141104586660295,0,0,1,0.2,1,0,0,0,1,0,0,1,-0.9488062183502551,0.0141104586660295,-0.3130104019096897,0.014011832831847981,Child
533,534,1,0,0.35,0.043640495,0,0,1,0.2,1,0,0,0,1,0,0,0,-0.10348315383270892,0.043640495,0.3424312088030225,0.04271507670890787,Child
534,535,0,0,0.375,0.0169080739493278,0,0,1,0.0,0,0,0,1,0,0,1,0,0.05021194880684509,0.0169080739493278,-0.25091520342427054,0.01676672355069601,Child
535,536,1,0,0.0875,0.051236588,0,1,0,0.2,0,0,0,1,0,0,1,0,-1.7172817315480244,0.051236588,0.5110322689146924,0.049967174078569536,Child
536,537,0,1,0.5625,0.0518221487278101,1,0,0,0.0,1,0,0,0,0,0,1,1,1.202925218603499,0.0518221487278101,0.5240292345216886,0.0505240398785738,Child
537,538,1,0,0.375,0.12808844391457677,1,0,0,0.0,0,0,0,1,1,0,0,0,0.05021194880684509,0.2077277656631712,3.984472951135717,0.18874071456498903,Child
538,539,0,1,0.35,0.028302115124416,0,0,1,0.0,1,0,0,0,0,0,1,1,-0.10348315383270892,0.028302115124416,0.0019842043470519564,0.027909010164649115,Child
539,540,1,0,0.275,0.096617565,1,0,0,0.2,0,0,0,1,1,0,0,0,-0.5645684617513703,0.096617565,1.5182975605723001,0.09223050155057423,Child
540,541,1,0,0.45,0.12808844391457677,1,0,0,0.2,0,0,0,1,0,0,1,0,0.5112972567255067,0.1385827706092098,2.4497472089003245,0.12978430533639915,Child
541,542,0,0,0.1125,0.061044735,0,0,1,0.6,0,0,0,1,0,0,1,0,-1.5635866289084708,0.061044735,0.7287315495753025,0.05925402179673243,Child
542,543,0,0,0.1375,0.061044735,0,0,1,0.6,0,0,0,1,0,0,1,0,-1.4098915262689167,0.061044735,0.7287315495753025,0.05925402179673243,Child
543,544,1,1,0.4,0.0507486202230909,0,1,0,0.1,1,0,0,0,0,0,1,1,0.2039070514463991,0.0507486202230909,0.5002014530614362,0.04950288176693388,Child
544,545,0,1,0.625,0.12808844391457677,1,0,0,0.1,1,0,0,0,1,0,0,1,1.587162975202384,0.2077277656631712,3.984472951135717,0.18874071456498903,Child
545,546,0,1,0.8,0.0507486202230909,1,0,0,0.0,1,0,0,0,0,0,1,1,2.6630286936792613,0.0507486202230909,0.5002014530614362,0.04950288176693388,Child
546,547,1,0,0.2375,0.0507486202230909,0,1,0,0.1,1,0,0,0,0,0,1,0,-0.7951111157107013,0.0507486202230909,0.5002014530614362,0.04950288176693388,Child
547,548,1,1,0.35,0.027057798,0,1,0,0.0,1,0,0,0,1,0,0,1,-0.10348315383270892,0.027057798,-0.025634360392958775,0.02669820784385954,Child
548,549,0,1,0.4125,0.040062132,0,0,1,0.2,1,0,0,0,0,0,1,1,0.28075460276617575,0.040062132,0.2630067210743473,0.03928045367647301,Child
549,550,1,1,0.1,0.071731223,0,1,0,0.2,0,0,1,0,0,0,1,1,-1.6404341802282476,0.071731223,0.9659262766107191,0.06927530639845661,Child
550,551,1,1,0.2125,0.12808844391457677,1,0,0,0.2,1,0,0,0,1,0,0,1,-0.9488062183502551,0.2164297877224253,4.177620947652529,0.19592016494808998,Child
551,552,0,1,0.3375,0.0507486202230909,0,1,0,0.0,1,0,0,0,0,0,1,1,-0.1803307051524856,0.0507486202230909,0.5002014530614362,0.04950288176693388,Child
552,553,0,1,0.35,0.0152815806711778,0,0,1,0.0,1,0,0,0,0,1,0,1,-0.10348315383270892,0.0152815806711778,-0.28701645849850344,0.015165993400580455,Child
553,554,1,1,0.275,0.0141022608119935,0,0,1,0.0,1,0,0,0,1,0,0,1,-0.5645684617513703,0.0141022608119935,-0.31319235951356716,0.014003749011095535,Child
554,555,1,0,0.275,0.0151757893167127,0,0,1,0.0,0,0,0,1,0,0,1,0,-0.5645684617513703,0.0151757893167127,-0.2893645780533148,0.015061788942880898,Child
555,556,0,1,0.775,0.0518221487278101,1,0,0,0.0,1,0,0,0,0,0,1,1,2.509333591039707,0.0518221487278101,0.5240292345216886,0.0505240398785738,Child
556,557,1,0,0.6,0.077294052,1,0,0,0.1,1,0,0,0,1,0,0,0,1.4334678725628298,0.077294052,1.0893974961731892,0.07445238969233436,Child
557,558,0,1,0.35,0.12808844391457677,1,0,0,0.0,1,0,0,0,1,0,0,1,-0.10348315383270892,0.4440992237022602,9.230917196293262,0.36748575258515254,Child
558,559,1,0,0.4875,0.12808844391457677,1,0,0,0.2,1,0,0,0,0,0,1,0,0.7418399106848375,0.1554664461834305,2.8244932264115796,0.1445041119579559,Child
559,560,1,0,0.45,0.0339625381492993,0,0,1,0.1,1,0,0,0,0,0,1,0,0.5112972567255067,0.0339625381492993,0.1276215975011155,0.03339854540022281,Child
560,561,0,1,0.35,0.0151269925664982,0,0,1,0.0,1,0,0,0,0,1,0,1,-0.10348315383270892,0.0151269925664982,-0.2904476590287806,0.015013720496480372,Child
561,562,0,1,0.5,0.0154115752137492,0,0,1,0.0,1,0,0,0,0,0,1,1,0.8186874620046145,0.0154115752137492,-0.2841311307798632,0.015294023125181874,Child
562,563,0,1,0.35,0.0263502451158356,0,1,0,0.0,1,0,0,0,0,0,1,1,-0.10348315383270892,0.0263502451158356,-0.04133903467158961,0.026009058003875676,Child
563,564,0,1,0.35,0.0157125535690723,0,0,1,0.0,1,0,0,0,0,0,1,1,-0.10348315383270892,0.0157125535690723,-0.27745068732318856,0.01559038941147719,Child
564,565,0,0,0.35,0.0157125535690723,0,0,1,0.0,0,0,0,1,0,0,1,0,-0.10348315383270892,0.0157125535690723,-0.27745068732318856,0.01559038941147719,Child
565,566,0,1,0.3,0.047137661,0,0,1,0.2,1,0,0,0,0,0,1,1,-0.4108733591118166,0.047137661,0.42005346737548704,0.04606040462083951,Child
566,567,0,1,0.2375,0.0154115752137492,0,0,1,0.0,1,0,0,0,0,0,1,1,-0.7951111157107013,0.0154115752137492,-0.2841311307798632,0.015294023125181874,Child
567,568,0,0,0.3625,0.04113566,0,0,1,0.4,1,0,0,0,0,0,1,0,-0.02663560251293192,0.04113566,0.2868344913319732,0.04031209814519068,Child
568,569,0,1,0.35,0.0141104586660295,0,0,1,0.0,1,0,0,0,1,0,0,1,-0.10348315383270892,0.0141104586660295,-0.3130104019096897,0.014011832831847981,Child
569,570,1,1,0.4,0.0153303774213923,0,0,1,0.0,1,0,0,0,0,0,1,1,0.2039070514463991,0.0153303774213923,-0.28593337752303766,0.015214054528192182,Child
570,571,1,1,0.775,0.0204946350900944,0,1,0,0.0,1,0,0,0,0,0,1,1,2.509333591039707,0.0204946350900944,-0.17130875172751414,0.020287446115378614,Child
571,572,1,0,0.6625,0.1004807065457131,1,0,0,0.2,1,0,0,0,0,0,1,0,1.8177056291617146,0.1004807065457131,1.604042924665218,0.09574709029568251,Child
572,573,1,1,0.45,0.0515049698514158,1,0,0,0.0,1,0,0,0,0,0,1,1,0.5112972567255067,0.0515049698514158,0.5169892081811596,0.05022244258921559,Child
573,574,1,0,0.35,0.0151269925664982,0,0,1,0.0,0,0,0,1,0,1,0,0,-0.10348315383270892,0.0151269925664982,-0.2904476590287806,0.015013720496480372,Child
574,575,0,1,0.2,0.0157125535690723,0,0,1,0.0,1,0,0,0,0,0,1,1,-1.025653769670032,0.0157125535690723,-0.27745068732318856,0.01559038941147719,Child
575,576,0,1,0.2375,0.028302115124416,0,0,1,0.0,1,0,0,0,0,0,1,1,-0.7951111157107013,0.028302115124416,0.0019842043470519564,0.027909010164649115,Child
576,577,1,0,0.425,0.0253743101115454,0,1,0,0.0,0,0,0,1,0,0,1,0,0.35760215408595275,0.0253743101115454,-0.06300065418091039,0.02505772652479575,Child
577,578,1,0,0.4875,0.1091095334796455,1,0,0,0.1,1,0,0,0,0,0,1,0,0.7418399106848375,0.1091095334796455,1.795566299718832,0.10355747128149577,Child
578,579,0,0,0.35,0.0282207221450582,0,0,1,0.1,1,0,0,0,1,0,0,0,-0.10348315383270892,0.0282207221450582,0.00017762527997467977,0.027829854243863555,Child
579,580,1,1,0.4,0.0154685698179998,0,0,1,0.0,1,0,0,0,0,0,1,1,0.2039070514463991,0.0154685698179998,-0.28286609220051767,0.015350151109302445,Child
580,581,1,0,0.3125,0.0585561,0,1,0,0.2,0,0,0,1,0,0,1,0,-0.3340258077920396,0.0585561,0.6734944034225361,0.0569058097159909,Child
581,582,1,0,0.4875,0.12808844391457677,1,0,0,0.2,1,0,0,0,1,0,0,0,0.7418399106848375,0.2164297877224253,4.177620947652529,0.19592016494808998,Child
582,583,0,1,0.675,0.0507486202230909,0,1,0,0.0,1,0,0,0,0,0,1,1,1.894553180481492,0.0507486202230909,0.5002014530614362,0.04950288176693388,Child
583,584,0,1,0.45,0.078318784,1,0,0,0.0,1,0,0,0,1,0,0,1,0.5112972567255067,0.078318784,1.1121422021069305,0.07540314676714636,Child
584,585,0,1,0.35,0.0170056674497569,0,0,1,0.0,1,0,0,0,1,0,0,1,-0.10348315383270892,0.0170056674497569,-0.24874904147333668,0.01686268976452066,Child
585,586,1,0,0.225,0.12808844391457677,1,0,0,0.2,0,0,0,1,0,0,1,0,-0.8719586670304781,0.1554664461834305,2.8244932264115796,0.1445041119579559,Child
586,587,0,1,0.5875,0.0292780501287063,0,1,0,0.0,1,0,0,0,0,0,1,1,1.3566203212430532,0.0292780501287063,0.023645823856374894,0.02885763427558987,Child
587,588,1,1,0.75,0.12808844391457677,1,0,0,0.2,1,0,0,0,1,0,0,1,2.355638488400153,0.1545881046795693,2.80499776885319,0.14374366104491512,Child
588,589,0,1,0.275,0.0157125535690723,0,0,1,0.0,1,0,0,0,0,0,1,1,-0.5645684617513703,0.0157125535690723,-0.27745068732318856,0.01559038941147719,Child
589,590,0,1,0.35,0.0157125535690723,0,0,1,0.0,1,0,0,0,0,0,1,1,-0.10348315383270892,0.0157125535690723,-0.27745068732318856,0.01559038941147719,Child
590,591,0,1,0.4375,0.0139070738111354,0,0,1,0.0,1,0,0,0,0,0,1,1,0.4344497054057298,0.0139070738111354,-0.31752468341543266,0.01381125778521362,Child
591,592,1,0,0.65,0.12808844391457677,1,0,0,0.1,1,0,0,0,1,0,0,0,1.7408580778419378,0.1527664244005612,2.764564189877092,0.14216464001927753,Child
592,593,0,1,0.5875,0.014151057562208,0,0,1,0.0,1,0,0,0,0,0,1,1,1.3566203212430532,0.014151057562208,-0.31210927853810133,0.014051866028611897,Child
593,594,0,0,0.35,0.0151269925664982,0,0,1,0.2,0,0,0,1,0,1,0,0,-0.10348315383270892,0.0151269925664982,-0.2904476590287806,0.015013720496480372,Child
594,595,0,1,0.4625,0.0507486202230909,0,1,0,0.1,1,0,0,0,0,0,1,1,0.5881448080452838,0.0507486202230909,0.5002014530614362,0.04950288176693388,Child
595,596,0,1,0.45,0.047137661,0,0,1,0.2,1,0,0,0,0,0,1,1,0.5112972567255067,0.047137661,0.42005346737548704,0.04606040462083951,Child
596,597,1,0,0.35,0.06441171,0,1,0,0.0,0,0,0,1,0,0,1,0,-0.10348315383270892,0.06441171,0.803464119907115,0.06242226156407526,Child
597,598,0,1,0.6125,0.0,0,0,1,0.0,1,0,0,0,0,0,1,1,1.510315423882607,0.0,-0.6262027614232546,0.0,Child
598,599,0,1,0.35,0.0141022608119935,0,0,1,0.0,1,0,0,0,1,0,0,1,-0.10348315383270892,0.0141022608119935,-0.31319235951356716,0.014003749011095535,Child
599,600,1,1,0.6125,0.1111183980924764,1,0,0,0.1,1,0,0,0,1,0,0,1,1.510315423882607,0.1111183980924764,1.8401545773168166,0.10536707391954961,Child
600,601,1,0,0.3,0.05270049,0,1,0,0.3,1,0,0,0,0,0,1,0,-0.4108733591118166,0.05270049,0.5435246869379571,0.05135875774477821,Child
601,602,0,1,0.35,0.0154115752137492,0,0,1,0.0,1,0,0,0,0,0,1,1,-0.10348315383270892,0.0154115752137492,-0.2841311307798632,0.015294023125181874,Child
602,603,0,1,0.35,0.082759288,1,0,0,0.0,1,0,0,0,0,0,1,1,-0.10348315383270892,0.082759288,1.2107025648921295,0.07951267923327623,Child
603,604,0,1,0.55,0.0157125535690723,0,0,1,0.0,1,0,0,0,0,0,1,1,1.1260776672837225,0.0157125535690723,-0.27745068732318856,0.01559038941147719,Child
604,605,1,1,0.4375,0.0518221487278101,1,0,0,0.0,1,0,0,0,1,0,0,1,0.4344497054057298,0.0518221487278101,0.5240292345216886,0.0505240398785738,Child
605,606,0,1,0.45,0.0303515786334255,0,0,1,0.1,1,0,0,0,0,0,1,1,0.5112972567255067,0.0303515786334255,0.04747360531662732,0.029900082477872923,Child
606,607,0,1,0.375,0.0154115752137492,0,0,1,0.0,1,0,0,0,0,0,1,1,0.05021194880684509,0.0154115752137492,-0.2841311307798632,0.015294023125181874,Child
607,608,1,1,0.3375,0.059532035,1,0,0,0.0,1,0,0,0,0,0,1,1,-0.1803307051524856,0.059532035,0.6951560228366325,0.057827334229477924,Child
608,609,1,0,0.275,0.081157193,0,1,0,0.3,1,0,0,0,1,0,0,0,-0.5645684617513703,0.081157193,1.1751428481535897,0.0780319425165,Child
609,610,1,0,0.5,0.12808844391457677,1,0,0,0.0,0,0,0,1,0,0,1,0,0.8186874620046145,0.2995388511917728,6.022289806475091,0.2620094716834916,Child
610,611,0,0,0.4875,0.061044735,0,0,1,0.6,1,0,0,0,0,0,1,0,0.7418399106848375,0.061044735,0.7287315495753025,0.05925402179673243,Child
611,612,0,1,0.35,0.0137606835604919,0,0,1,0.0,1,0,0,0,0,0,1,1,-0.10348315383270892,0.0137606835604919,-0.3207739263418301,0.01366686504595381,Child
612,613,1,0,0.35,0.0302539851329965,0,0,1,0.1,0,0,0,1,0,1,0,0,-0.10348315383270892,0.0302539851329965,0.04530744336569568,0.02980535935160553,Child
613,614,0,1,0.35,0.0151269925664982,0,0,1,0.0,1,0,0,0,0,1,0,1,-0.10348315383270892,0.0151269925664982,-0.2904476590287806,0.015013720496480372,Child
614,615,0,1,0.4375,0.0157125535690723,0,0,1,0.0,1,0,0,0,0,0,1,1,0.4344497054057298,0.0157125535690723,-0.27745068732318856,0.01559038941147719,Child
615,616,1,0,0.3,0.1268715505577273,0,1,0,0.3,0,0,0,1,0,0,1,0,-0.4108733591118166,0.1268715505577273,2.1898077747884734,0.1194452539016324,Child
616,617,0,1,0.425,0.028106928123558,0,0,1,0.2,1,0,0,0,0,0,1,1,0.35760215408595275,0.028106928123558,-0.0023481195548113224,0.027719177308112103,Child
617,618,0,0,0.325,0.0314251071381447,0,0,1,0.1,1,0,0,0,0,0,1,0,-0.2571782564722626,0.0314251071381447,0.07130138677687967,0.030941445113450382,Child
618,619,1,0,0.05,0.07612293,0,1,0,0.3,0,0,0,1,0,0,1,0,-1.9478243855073554,0.07612293,1.0634035528762733,0.0733647024257729,Child
619,620,0,1,0.325,0.0204946350900944,0,1,0,0.0,1,0,0,0,0,0,1,1,-0.2571782564722626,0.0204946350900944,-0.17130875172751414,0.020287446115378614,Child
620,621,0,1,0.3375,0.0282127194780231,0,0,1,0.1,1,0,0,0,1,0,0,1,-0.1803307051524856,0.0282127194780231,0.0,0.027822071189111418,Child
621,622,1,1,0.525,0.1025789668049371,1,0,0,0.1,1,0,0,0,0,0,1,1,0.9723825646441685,0.1025789668049371,1.650615406610259,0.09765195099379802,Child
622,623,1,1,0.25,0.0307257521140704,0,0,1,0.2,1,0,0,0,1,0,0,1,-0.7182635643909243,0.0307257521140704,0.055778670236501744,0.030263167820837555,Child
623,624,0,1,0.2625,0.0153303774213923,0,0,1,0.0,1,0,0,0,0,0,1,1,-0.6414160130711473,0.0153303774213923,-0.28593337752303766,0.015214054528192182,Child
624,625,0,1,0.2625,0.0314251071381447,0,0,1,0.0,1,0,0,0,0,0,1,1,-0.6414160130711473,0.0314251071381447,0.07130138677687967,0.030941445113450382,Child
625,626,0,1,0.7625,0.063086,1,0,0,0.0,1,0,0,0,0,0,1,1,2.43248603971993,0.063086,0.7740389784033656,0.06117599919175268,Child
626,627,0,1,0.7125,0.0241055946059681,0,1,0,0.0,1,0,0,0,0,1,0,1,2.1250958344408226,0.0241055946059681,-0.09116075954302824,0.02381964103323265,Child
627,628,1,0,0.2625,0.12808844391457677,1,0,0,0.0,0,0,0,1,0,0,1,0,-0.6414160130711473,0.1521644676899149,2.7512033029637406,0.1416423191753881,Child
628,629,0,1,0.325,0.0154115752137492,0,0,1,0.0,1,0,0,0,0,0,1,1,-0.2571782564722626,0.0154115752137492,-0.2841311307798632,0.015294023125181874,Child
629,630,0,1,0.35,0.0150943963373549,0,0,1,0.0,1,0,0,0,0,1,0,1,-0.10348315383270892,0.0150943963373549,-0.29117115712039204,0.014981609486987265,Child
630,631,1,1,1.0,0.0585561,1,0,0,0.0,1,0,0,0,0,0,1,1,3.892589514795692,0.0585561,0.6734944034225361,0.0569058097159909,Child
631,632,0,1,0.6375,0.013768881414528,0,0,1,0.0,1,0,0,0,0,0,1,1,1.6640105265221605,0.013768881414528,-0.32059196873795043,0.0136749515904637,Child
632,633,1,1,0.4,0.059532035,1,0,0,0.0,1,0,0,0,1,0,0,1,0.2039070514463991,0.059532035,0.6951560228366325,0.057827334229477924,Child
633,634,0,1,0.35,0.0,1,0,0,0.0,1,0,0,0,0,0,1,1,-0.10348315383270892,0.0,-0.6262027614232546,0.0,Child
634,635,0,0,0.1125,0.054457173,0,0,1,0.5,0,0,0,1,0,0,1,0,-1.5635866289084708,0.054457173,0.5825156018833307,0.05302610655100989,Child
635,636,1,0,0.35,0.0253743101115454,0,1,0,0.0,0,0,0,1,0,0,1,0,-0.10348315383270892,0.0253743101115454,-0.06300065418091039,0.02505772652479575,Child
636,637,0,1,0.4,0.0154685698179998,0,0,1,0.0,1,0,0,0,0,0,1,1,0.2039070514463991,0.0154685698179998,-0.28286609220051767,0.015350151109302445,Child
637,638,0,1,0.3875,0.051236588,0,1,0,0.2,1,0,0,0,0,0,1,1,0.1270595001266221,0.051236588,0.5110322689146924,0.049967174078569536,Child
638,639,0,0,0.5125,0.077464841,0,0,1,0.5,1,0,0,0,0,0,1,0,0.8955350133243911,0.077464841,1.0931882878940662,0.07461091230097748,Child
639,640,0,1,0.35,0.0314251071381447,0,0,1,0.1,1,0,0,0,0,0,1,1,-0.10348315383270892,0.0314251071381447,0.07130138677687967,0.030941445113450382,Child
640,641,0,1,0.25,0.0153303774213923,0,0,1,0.0,1,0,0,0,0,0,1,1,-0.7182635643909243,0.0153303774213923,-0.28593337752303766,0.015214054528192182,Child
641,642,1,0,0.3,0.12808844391457677,1,0,0,0.0,0,1,0,0,1,0,0,0,-0.4108733591118166,0.1352645915946231,2.3760977025686336,0.12686574411272553,Child
642,643,0,0,0.025,0.054457173,0,0,1,0.5,0,0,0,1,0,0,1,0,-2.1015194881469093,0.054457173,0.5825156018833307,0.05302610655100989,Child
643,644,1,1,0.35,0.1102724576307577,0,0,1,0.0,1,0,0,0,0,0,1,1,-0.10348315383270892,0.1102724576307577,1.8213782855261385,0.10460544252952915,Child
644,645,1,0,0.009375,0.037589698,0,0,1,0.3,0,0,0,1,1,0,0,0,-2.19757892729663,0.037589698,0.20812916843562407,0.036900425289234526,Child
645,646,1,1,0.6,0.12808844391457677,1,0,0,0.1,1,0,0,0,1,0,0,1,1.4334678725628298,0.1497654242623688,2.69795470988593,0.13955794266634497,Child
646,647,0,1,0.2375,0.0154115752137492,0,0,1,0.0,1,0,0,0,0,0,1,1,-0.7951111157107013,0.0154115752137492,-0.2841311307798632,0.015294023125181874,Child
647,648,1,1,0.7,0.069291385,1,0,0,0.0,1,0,0,0,1,0,0,1,2.0482482831210453,0.069291385,0.9117722169775976,0.06699617207542916,Child
648,649,0,1,0.35,0.0147366185647821,0,0,1,0.0,1,0,0,0,0,0,1,1,-0.10348315383270892,0.0147366185647821,-0.29911230683250933,0.014629089721892294,Child
649,650,1,0,0.2875,0.0147366185647821,0,0,1,0.0,0,0,0,1,0,0,1,0,-0.4877209104315936,0.0147366185647821,-0.29911230683250933,0.014629089721892294,Child
650,651,0,1,0.35,0.0154115752137492,0,0,1,0.0,1,0,0,0,0,0,1,1,-0.10348315383270892,0.0154115752137492,-0.2841311307798632,0.015294023125181874,Child
651,652,1,0,0.225,0.04489301,0,1,0,0.1,0,0,0,1,0,0,1,0,-0.8719586670304781,0.04489301,0.37023173162518486,0.04391449740018062,Child
652,653,0,1,0.2625,0.016460705,0,0,1,0.0,1,0,0,0,0,0,1,1,-0.6414160130711473,0.016460705,-0.2608448974285055,0.016326696182146154,Child
653,654,1,0,0.35,0.0152815806711778,0,0,1,0.0,0,0,0,1,0,1,0,0,-0.10348315383270892,0.0152815806711778,-0.28701645849850344,0.015165993400580455,Child
654,655,0,0,0.225,0.0131751225579178,0,0,1,0.0,0,0,0,1,0,1,0,0,-0.8719586670304781,0.0131751225579178,-0.3337708980474221,0.013089085505924634,Child
655,656,0,1,0.3,0.12808844391457677,0,1,0,0.2,1,0,0,0,0,0,1,1,-0.4108733591118166,0.1434624456306609,2.558055306446931,0.1340608923416298,Child
656,657,0,1,0.35,0.0154115752137492,0,0,1,0.0,1,0,0,0,0,0,1,1,-0.10348315383270892,0.0154115752137492,-0.2841311307798632,0.015294023125181874,Child
657,658,0,0,0.4,0.0302539851329965,0,0,1,0.2,1,0,0,0,0,1,0,0,0.2039070514463991,0.0302539851329965,0.04530744336569568,0.02980535935160553,Child
658,659,0,1,0.2875,0.0253743101115454,0,1,0,0.0,1,0,0,0,0,0,1,1,-0.4877209104315936,0.0253743101115454,-0.06300065418091039,0.02505772652479575,Child
659,660,0,1,0.725,0.12808844391457677,1,0,0,0.2,1,0,0,0,1,0,0,1,2.201943385760599,0.2210980752219471,4.281237138413416,0.19975051558989138,Child
660,661,1,1,0.625,0.12808844391457677,1,0,0,0.2,1,0,0,0,0,0,1,1,1.587162975202384,0.2608674266467732,5.163948133418247,0.23179991794815435,Child
661,662,0,1,0.5,0.0141022608119935,0,0,1,0.0,1,0,0,0,1,0,0,1,0.8186874620046145,0.0141022608119935,-0.31319235951356716,0.014003749011095535,Child
662,663,0,1,0.5875,0.049943474,1,0,0,0.0,1,0,0,0,0,0,1,1,1.3566203212430532,0.049943474,0.48233062041654456,0.04873632843460055,Child
663,664,0,1,0.45,0.0146308272103171,0,0,1,0.0,1,0,0,0,0,0,1,1,0.5112972567255067,0.0146308272103171,-0.30146042638731846,0.014524829298496742,Child
664,665,1,1,0.25,0.0154685698179998,0,0,1,0.1,1,0,0,0,0,0,1,1,-0.7182635643909243,0.0154685698179998,-0.28286609220051767,0.015350151109302445,Child
665,666,0,1,0.4,0.12808844391457677,0,1,0,0.2,1,0,0,0,0,0,1,1,0.2039070514463991,0.1434624456306609,2.558055306446931,0.1340608923416298,Child
666,667,0,1,0.3125,0.0253743101115454,0,1,0,0.0,1,0,0,0,0,0,1,1,-0.3340258077920396,0.0253743101115454,-0.06300065418091039,0.02505772652479575,Child
667,668,0,1,0.35,0.0151757893167127,0,0,1,0.0,1,0,0,0,0,0,1,1,-0.10348315383270892,0.0151757893167127,-0.2893645780533148,0.015061788942880898,Child
668,669,0,1,0.5375,0.0157125535690723,0,0,1,0.0,1,0,0,0,0,0,1,1,1.0492301159639452,0.0157125535690723,-0.27745068732318856,0.01559038941147719,Child
669,670,1,0,0.35,0.1014972404461818,1,0,0,0.1,1,0,0,0,0,0,1,0,-0.10348315383270892,0.1014972404461818,1.626605667546127,0.09667038198810923,Child
670,671,1,0,0.5,0.07612293,0,1,0,0.2,1,0,0,0,0,0,1,0,0.8186874620046145,0.07612293,1.0634035528762733,0.0733647024257729,Child
671,672,0,1,0.3875,0.1014972404461818,1,0,0,0.1,1,0,0,0,0,0,1,1,0.1270595001266221,0.1014972404461818,1.626605667546127,0.09667038198810923,Child
672,673,0,1,0.875,0.0204946350900944,0,1,0,0.0,1,0,0,0,0,0,1,1,3.1241140015979227,0.0204946350900944,-0.17130875172751414,0.020287446115378614,Child
673,674,1,1,0.3875,0.0253743101115454,0,1,0,0.0,1,0,0,0,0,0,1,1,0.1270595001266221,0.0253743101115454,-0.06300065418091039,0.02505772652479575,Child
674,675,0,1,0.35,0.0,0,1,0,0.0,1,0,0,0,0,0,1,1,-0.10348315383270892,0.0,-0.6262027614232546,0.0,Child
675,676,0,1,0.225,0.0151757893167127,0,0,1,0.0,1,0,0,0,0,0,1,1,-0.8719586670304781,0.0151757893167127,-0.2893645780533148,0.015061788942880898,Child
676,677,0,1,0.30625,0.0157125535690723,0,0,1,0.0,1,0,0,0,0,0,1,1,-0.3724495834519279,0.0157125535690723,-0.27745068732318856,0.01559038941147719,Child
677,678,1,0,0.225,0.0192097190634459,0,0,1,0.0,0,0,0,1,0,0,1,0,-0.8719586670304781,0.0192097190634459,-0.19982843997348637,0.01902754176306349,Child
678,679,0,0,0.5375,0.091542703,0,0,1,0.7,1,0,0,0,0,0,1,0,1.0492301159639452,0.091542703,1.4056571396189983,0.08759201946748797,Child
679,680,1,1,0.45,0.12808844391457677,1,0,0,0.1,1,0,0,0,1,0,0,1,0.5112972567255067,1.0,21.56955762640638,0.6931471805599453,Child
680,681,0,0,0.35,0.015883342,0,0,1,0.0,0,0,0,1,0,1,0,0,-0.10348315383270892,0.015883342,-0.27365990823330394,0.015758521697728133,Child
681,682,1,1,0.3375,0.12808844391457677,1,0,0,0.0,1,0,0,0,1,0,0,1,-0.1803307051524856,0.1497654242623688,2.69795470988593,0.13955794266634497,Child
682,683,0,1,0.25,0.018006001,0,0,1,0.0,1,0,0,0,0,0,1,1,-0.7182635643909243,0.018006001,-0.2265458776842339,0.01784581300290118,Child
683,684,0,1,0.175,0.091542703,0,0,1,0.7,1,0,0,0,0,0,1,1,-1.179348872309586,0.091542703,1.4056571396189983,0.08759201946748797,Child
684,685,0,1,0.75,0.07612293,0,1,0,0.2,1,0,0,0,0,0,1,1,2.355638488400153,0.07612293,1.0634035528762733,0.0733647024257729,Child
685,686,0,1,0.3125,0.081157193,0,1,0,0.3,1,0,0,0,1,0,0,1,-0.3340258077920396,0.081157193,1.1751428481535897,0.0780319425165,Child
686,687,0,1,0.175,0.077464841,0,0,1,0.5,1,0,0,0,0,0,1,1,-1.179348872309586,0.077464841,1.0931882878940662,0.07461091230097748,Child
687,688,0,1,0.2375,0.0198520794832697,0,0,1,0.0,1,0,0,0,0,0,1,1,-0.7951111157107013,0.0198520794832697,-0.18557076201245168,0.019657596665304703,Child
688,689,0,1,0.225,0.0152163882128912,0,0,1,0.0,1,0,0,0,0,0,1,1,-0.8719586670304781,0.0152163882128912,-0.2884634546817264,0.015101780129443987,Child
689,690,1,0,0.1875,0.12808844391457677,1,0,0,0.1,0,0,0,1,0,0,1,0,-1.102501320989809,0.4125033279383646,8.529622264678995,0.34536354009824244,Child
690,691,1,1,0.3875,0.1112565904890839,1,0,0,0.1,1,0,0,0,0,0,1,1,0.1270595001266221,0.1112565904890839,1.8432218626393368,0.10549143852722892,Child
691,692,1,0,0.05,0.0261876543441209,0,0,1,0.1,0,0,0,1,1,0,0,0,-1.9478243855073554,0.0261876543441209,-0.04494786048184139,0.025850628995478256,Child
692,693,1,1,0.35,0.1102724576307577,0,0,1,0.0,1,0,0,0,0,0,1,1,-0.10348315383270892,0.1102724576307577,1.8213782855261385,0.10460544252952915,Child
693,694,0,1,0.3125,0.0141022608119935,0,0,1,0.0,1,0,0,0,1,0,0,1,-0.3340258077920396,0.0141022608119935,-0.31319235951356716,0.014003749011095535,Child
694,695,0,1,0.75,0.0518221487278101,1,0,0,0.0,1,0,0,0,0,0,1,1,2.355638488400153,0.0518221487278101,0.5240292345216886,0.0505240398785738,Child
695,696,0,1,0.65,0.0263502451158356,0,1,0,0.0,1,0,0,0,0,0,1,1,1.7408580778419378,0.0263502451158356,-0.04133903467158961,0.026009058003875676,Child
696,697,0,1,0.55,0.0157125535690723,0,0,1,0.0,1,0,0,0,0,0,1,1,1.1260776672837225,0.0157125535690723,-0.27745068732318856,0.01559038941147719,Child
697,698,1,0,0.35,0.0150943963373549,0,0,1,0.0,0,0,0,1,0,1,0,0,-0.10348315383270892,0.0150943963373549,-0.29117115712039204,0.014981609486987265,Child
698,699,0,1,0.6125,0.12808844391457677,1,0,0,0.2,1,0,0,0,1,0,0,1,1.510315423882607,0.2164297877224253,4.177620947652529,0.19592016494808998,Child
699,700,0,1,0.525,0.0149318055656402,0,0,1,0.0,1,0,0,0,0,0,1,1,0.9723825646441685,0.0149318055656402,-0.29477998293064384,0.014821423601790364,Child
700,701,1,0,0.225,0.12808844391457677,1,0,0,0.1,1,0,0,0,1,0,0,0,-0.8719586670304781,0.4440992237022602,9.230917196293262,0.36748575258515254,Child
701,702,1,1,0.4375,0.051309783,1,0,0,0.0,1,0,0,0,0,0,1,1,0.4344497054057298,0.051309783,0.5126568875962796,0.05003679917796247,Child
702,703,0,0,0.225,0.0282127194780231,0,0,1,0.1,0,0,0,1,1,0,0,0,-0.8719586670304781,0.0282127194780231,0.0,0.027822071189111418,Child
703,704,0,1,0.3125,0.015110792,0,0,1,0.0,1,0,0,0,0,1,0,1,-0.3340258077920396,0.015110792,-0.29080724292092175,0.01499776121661503,Child
704,705,0,1,0.325,0.0153303774213923,0,0,1,0.1,1,0,0,0,0,0,1,1,-0.2571782564722626,0.0153303774213923,-0.28593337752303766,0.015214054528192182,Child
705,706,0,1,0.4875,0.0507486202230909,0,1,0,0.0,1,0,0,0,0,0,1,1,0.7418399106848375,0.0507486202230909,0.5002014530614362,0.04950288176693388,Child
706,707,1,0,0.5625,0.0263502451158356,0,1,0,0.0,1,0,0,0,0,0,1,0,1.202925218603499,0.0263502451158356,-0.04133903467158961,0.026009058003875676,Child
707,708,1,1,0.525,0.051309783,1,0,0,0.0,1,0,0,0,0,0,1,1,0.9723825646441685,0.051309783,0.5126568875962796,0.05003679917796247,Child
708,709,1,0,0.275,0.12808844391457677,1,0,0,0.0,0,0,0,1,0,0,1,0,-0.5645684617513703,0.2958058998003627,5.939434111851937,0.25913281804107574,Child
709,710,1,1,0.35,0.0297578197768153,0,0,1,0.2,0,0,1,0,1,0,0,1,-0.10348315383270892,0.0297578197768153,0.03429467600715564,0.02932364816471518,Child
710,711,1,0,0.3,0.096625763,1,0,0,0.0,1,0,0,0,1,0,0,0,-0.4108733591118166,0.096625763,1.5184795214159594,0.09223797723728476,Child
711,712,0,1,0.35,0.0518221487278101,1,0,0,0.0,1,0,0,0,0,0,1,1,-0.10348315383270892,0.0518221487278101,0.5240292345216886,0.0505240398785738,Child
712,713,1,1,0.6,0.1014972404461818,1,0,0,0.1,1,0,0,0,0,0,1,1,1.4334678725628298,0.1014972404461818,1.626605667546127,0.09667038198810923,Child
713,714,0,1,0.3625,0.0185101688523707,0,0,1,0.0,1,0,0,0,0,0,1,1,-0.02663560251293192,0.0185101688523707,-0.2153554888377672,0.018340940780557903,Child
714,715,0,1,0.65,0.0253743101115454,0,1,0,0.0,1,0,0,0,0,0,1,1,1.7408580778419378,0.0253743101115454,-0.06300065418091039,0.02505772652479575,Child
715,716,0,1,0.2375,0.0149318055656402,0,0,1,0.0,1,0,0,0,0,0,1,1,-0.7951111157107013,0.0149318055656402,-0.29477998293064384,0.014821423601790364,Child
716,717,1,0,0.475,0.12808844391457677,1,0,0,0.0,0,0,0,1,1,0,0,0,0.6649923593650604,0.4440992237022602,9.230917196293262,0.36748575258515254,Child
717,718,1,0,0.3375,0.0204946350900944,0,1,0,0.0,0,0,0,1,0,0,1,0,-0.1803307051524856,0.0204946350900944,-0.17130875172751414,0.020287446115378614,Child
718,719,0,1,0.35,0.0302539851329965,0,0,1,0.0,1,0,0,0,0,1,0,1,-0.10348315383270892,0.0302539851329965,0.04530744336569568,0.02980535935160553,Child
719,720,0,1,0.4125,0.0151757893167127,0,0,1,0.0,1,0,0,0,0,0,1,1,0.28075460276617575,0.0151757893167127,-0.2893645780533148,0.015061788942880898,Child
720,721,1,0,0.075,0.06441171,0,1,0,0.1,0,0,0,1,0,0,1,0,-1.7941292828678013,0.06441171,0.803464119907115,0.06242226156407526,Child
721,722,0,1,0.2125,0.013768881414528,0,0,1,0.1,1,0,0,0,0,0,1,1,-0.9488062183502551,0.013768881414528,-0.32059196873795043,0.0136749515904637,Child
722,723,0,1,0.425,0.0253743101115454,0,1,0,0.0,1,0,0,0,0,0,1,1,0.35760215408595275,0.0253743101115454,-0.06300065418091039,0.02505772652479575,Child
723,724,0,1,0.625,0.0253743101115454,0,1,0,0.0,1,0,0,0,0,0,1,1,1.587162975202384,0.0253743101115454,-0.06300065418091039,0.02505772652479575,Child
724,725,1,1,0.3375,0.1036442974556203,1,0,0,0.1,1,0,0,0,0,0,1,1,-0.1803307051524856,0.1036442974556203,1.674261230466634,0.09861770160548036,Child
725,726,0,1,0.25,0.0169080739493278,0,0,1,0.0,1,0,0,0,0,0,1,1,-0.7182635643909243,0.0169080739493278,-0.25091520342427054,0.01676672355069601,Child
726,727,1,0,0.375,0.04098927,0,1,0,0.3,1,0,0,0,0,0,1,0,0.05021194880684509,0.04098927,0.2835852539687989,0.040171482182976344,Child
727,728,1,0,0.35,0.015102594191391,0,0,1,0.0,0,0,0,1,0,1,0,0,-0.10348315383270892,0.015102594191391,-0.29098919951651236,0.014989685406786564,Child
728,729,0,1,0.3125,0.0507486202230909,0,1,0,0.1,1,0,0,0,0,0,1,1,-0.3340258077920396,0.0507486202230909,0.5002014530614362,0.04950288176693388,Child
729,730,0,0,0.3125,0.0154685698179998,0,0,1,0.1,0,0,0,1,0,0,1,0,-0.3340258077920396,0.0154685698179998,-0.28286609220051767,0.015350151109302445,Child
730,731,1,0,0.3625,0.12808844391457677,1,0,0,0.0,0,0,0,1,0,0,1,0,-0.02663560251293192,0.4125033279383646,8.529622264678995,0.34536354009824244,Child
731,732,0,1,0.1375,0.0366707577862046,0,0,1,0.0,1,0,0,0,1,0,0,1,-1.4098915262689167,0.0366707577862046,0.18773259163948047,0.0360143839328067,Child
732,733,0,1,0.35,0.0,0,1,0,0.0,1,0,0,0,0,0,1,1,-0.10348315383270892,0.0,-0.6262027614232546,0.0,Child
733,734,0,1,0.2875,0.0253743101115454,0,1,0,0.0,1,0,0,0,0,0,1,1,-0.4877209104315936,0.0253743101115454,-0.06300065418091039,0.02505772652479575,Child
734,735,0,1,0.2875,0.0253743101115454,0,1,0,0.0,1,0,0,0,0,0,1,1,-0.4877209104315936,0.0253743101115454,-0.06300065418091039,0.02505772652479575,Child
735,736,0,1,0.35625,0.0314251071381447,0,0,1,0.0,1,0,0,0,0,0,1,1,-0.06505937817282025,0.0314251071381447,0.07130138677687967,0.030941445113450382,Child
736,737,0,0,0.6,0.067095532,0,0,1,0.4,1,0,0,0,0,0,1,0,1.4334678725628298,0.067095532,0.8630335899427007,0.0649405015826051,Child
737,738,1,1,0.4375,0.12808844391457677,1,0,0,0.0,1,0,0,0,1,0,0,1,0.4344497054057298,1.0,21.56955762640638,0.6931471805599453,Child
738,739,0,1,0.35,0.0154115752137492,0,0,1,0.0,1,0,0,0,0,0,1,1,-0.10348315383270892,0.0154115752137492,-0.2841311307798632,0.015294023125181874,Child
739,740,0,1,0.35,0.0154115752137492,0,0,1,0.0,1,0,0,0,0,0,1,1,-0.10348315383270892,0.0154115752137492,-0.2841311307798632,0.015294023125181874,Child
740,741,1,1,0.35,0.0585561,1,0,0,0.0,1,0,0,0,0,0,1,1,-0.10348315383270892,0.0585561,0.6734944034225361,0.0569058097159909,Child
741,742,0,1,0.45,0.12808844391457677,1,0,0,0.1,1,0,0,0,0,0,1,1,0.5112972567255067,0.1539049501765661,2.789834635196665,0.14315179916210932,Child
742,743,1,0,0.2625,0.12808844391457677,1,0,0,0.4,0,0,0,1,1,0,0,0,-0.6414160130711473,0.5121218935012878,10.740732076092934,0.4135138919029653,Child
743,744,0,1,0.3,0.0314251071381447,0,0,1,0.1,1,0,0,0,0,0,1,1,-0.4108733591118166,0.0314251071381447,0.07130138677687967,0.030941445113450382,Child
744,745,1,1,0.3875,0.0154685698179998,0,0,1,0.0,1,0,0,0,0,0,1,1,0.1270595001266221,0.0154685698179998,-0.28286609220051767,0.015350151109302445,Child
745,746,0,1,0.875,0.12808844391457677,1,0,0,0.2,1,0,0,0,0,0,1,1,3.1241140015979227,0.1385827706092098,2.4497472089003245,0.12978430533639915,Child
746,747,0,1,0.2,0.039525368,0,0,1,0.2,1,0,0,0,0,0,1,1,-1.025653769670032,0.039525368,0.2510928359455343,0.038764232058560846,Child
747,748,1,0,0.375,0.0253743101115454,0,1,0,0.0,0,0,0,1,0,0,1,0,0.05021194880684509,0.0253743101115454,-0.06300065418091039,0.02505772652479575,Child
748,749,0,1,0.2375,0.1036442974556203,1,0,0,0.1,1,0,0,0,0,0,1,1,-0.7951111157107013,0.1036442974556203,1.674261230466634,0.09861770160548036,Child
749,750,0,1,0.3875,0.0151269925664982,0,0,1,0.0,1,0,0,0,0,1,0,1,0.1270595001266221,0.0151269925664982,-0.2904476590287806,0.015013720496480372,Child
750,751,1,0,0.05,0.04489301,0,1,0,0.2,0,0,0,1,0,0,1,0,-1.9478243855073554,0.04489301,0.37023173162518486,0.04391449740018062,Child
751,752,1,1,0.075,0.0243495783570407,0,0,1,0.1,0,0,1,0,0,0,1,1,-1.7941292828678013,0.0243495783570407,-0.08574535466569695,0.02405785347297418,Child
752,753,0,1,0.4125,0.0185427650815139,0,0,1,0.0,1,0,0,0,0,0,1,1,0.28075460276617575,0.0185427650815139,-0.21463199074615794,0.018372944101240428,Child
753,754,0,1,0.2875,0.0154115752137492,0,0,1,0.0,1,0,0,0,0,0,1,1,-0.4877209104315936,0.0154115752137492,-0.2841311307798632,0.015294023125181874,Child
754,755,1,0,0.6,0.1268715505577273,0,1,0,0.3,1,0,0,0,0,0,1,0,1.4334678725628298,0.1268715505577273,2.1898077747884734,0.1194452539016324,Child
755,756,1,1,0.008375,0.028302115124416,0,1,0,0.2,0,0,1,0,0,0,1,1,-2.203726731402212,0.028302115124416,0.0019842043470519564,0.027909010164649115,Child
756,757,0,1,0.35,0.0152163882128912,0,0,1,0.0,1,0,0,0,0,0,1,1,-0.10348315383270892,0.0152163882128912,-0.2884634546817264,0.015101780129443987,Child
757,758,0,1,0.225,0.0224465050986748,0,1,0,0.0,1,0,0,0,0,0,1,1,-0.8719586670304781,0.0224465050986748,-0.12798551270887265,0.022198289814291155,Child
758,759,0,1,0.425,0.0157125535690723,0,0,1,0.0,1,0,0,0,0,0,1,1,0.35760215408595275,0.0157125535690723,-0.27745068732318856,0.01559038941147719,Child
759,760,1,0,0.4125,0.12808844391457677,1,0,0,0.0,0,1,0,0,0,0,1,0,0.28075460276617575,0.1688367557422063,3.1212574136892752,0.15600902837793396,Child
760,761,0,1,0.35,0.028302115124416,0,0,1,0.0,1,0,0,0,0,0,1,1,-0.10348315383270892,0.028302115124416,0.0019842043470519564,0.027909010164649115,Child
761,762,0,1,0.5125,0.0139070738111354,0,0,1,0.0,1,0,0,0,0,0,1,1,0.8955350133243911,0.0139070738111354,-0.31752468341543266,0.01381125778521362,Child
762,763,1,1,0.25,0.0141104586660295,0,0,1,0.0,1,0,0,0,1,0,0,1,-0.7182635643909243,0.0141104586660295,-0.3130104019096897,0.014011832831847981,Child
763,764,1,0,0.45,0.12808844391457677,1,0,0,0.3,1,0,0,0,0,0,1,0,0.5112972567255067,0.2342244010296504,4.572585920813782,0.21044275743508428,Child
764,765,0,1,0.2,0.0151757893167127,0,0,1,0.0,1,0,0,0,0,0,1,1,-1.025653769670032,0.0151757893167127,-0.2893645780533148,0.015061788942880898,Child
765,766,1,0,0.6375,0.12808844391457677,1,0,0,0.1,1,0,0,0,0,0,1,0,1.6640105265221605,0.1521644676899149,2.7512033029637406,0.1416423191753881,Child
766,767,0,1,0.35,0.077294052,1,0,0,0.0,1,0,0,0,1,0,0,1,-0.10348315383270892,0.077294052,1.0893974961731892,0.07445238969233436,Child
767,768,0,0,0.38125,0.0151269925664982,0,0,1,0.0,0,0,0,1,0,1,0,0,0.08863572446673341,0.0151269925664982,-0.2904476590287806,0.015013720496480372,Child
768,769,0,1,0.35,0.047137661,0,0,1,0.1,1,0,0,0,0,1,0,1,-0.10348315383270892,0.047137661,0.42005346737548704,0.04606040462083951,Child
769,770,0,1,0.4,0.0163225129467537,0,0,1,0.0,1,0,0,0,0,0,1,1,0.2039070514463991,0.0163225129467537,-0.26391217512986254,0.01619073278748692,Child
770,771,0,1,0.3,0.0185427650815139,0,0,1,0.0,1,0,0,0,0,0,1,1,-0.4108733591118166,0.0185427650815139,-0.21463199074615794,0.018372944101240428,Child
771,772,0,1,0.6,0.0153303774213923,0,0,1,0.0,1,0,0,0,0,0,1,1,1.4334678725628298,0.0153303774213923,-0.28593337752303766,0.015214054528192182,Child
772,773,0,0,0.7125,0.0204946350900944,0,1,0,0.0,1,0,0,0,0,0,1,0,2.1250958344408226,0.0204946350900944,-0.17130875172751414,0.020287446115378614,Child
773,774,0,1,0.35,0.0141022608119935,0,0,1,0.0,1,0,0,0,1,0,0,1,-0.10348315383270892,0.0141022608119935,-0.31319235951356716,0.014003749011095535,Child
774,775,1,0,0.675,0.04489301,0,1,0,0.4,1,0,0,0,0,0,1,0,1.894553180481492,0.04489301,0.37023173162518486,0.04391449740018062,Child
775,776,0,1,0.225,0.0151269925664982,0,0,1,0.0,1,0,0,0,0,0,1,1,-0.8719586670304781,0.0151269925664982,-0.2904476590287806,0.015013720496480372,Child
776,777,0,1,0.35,0.0151269925664982,0,0,1,0.0,1,0,0,0,0,1,0,1,-0.10348315383270892,0.0151269925664982,-0.2904476590287806,0.015013720496480372,Child
777,778,1,0,0.0625,0.0243495783570407,0,0,1,0.0,0,0,0,1,0,0,1,0,-1.8709768341875783,0.0243495783570407,-0.08574535466569695,0.02405785347297418,Child
778,779,0,1,0.35,0.015102594191391,0,0,1,0.0,1,0,0,0,0,1,0,1,-0.10348315383270892,0.015102594191391,-0.29098919951651236,0.014989685406786564,Child
779,780,1,0,0.5375,0.12808844391457677,1,0,0,0.1,1,0,0,0,0,0,1,0,1.0492301159639452,0.4125033279383646,8.529622264678995,0.34536354009824244,Child
780,781,1,0,0.1625,0.0141104586660295,0,0,1,0.0,0,0,0,1,1,0,0,0,-1.2561964236293628,0.0141104586660295,-0.3130104019096897,0.014011832831847981,Child
781,782,1,0,0.2125,0.1112565904890839,1,0,0,0.1,1,0,0,0,0,0,1,0,-0.9488062183502551,0.1112565904890839,1.8432218626393368,0.10549143852722892,Child
782,783,0,1,0.3625,0.0585561,1,0,0,0.0,1,0,0,0,0,0,1,1,-0.02663560251293192,0.0585561,0.6734944034225361,0.0569058097159909,Child
783,784,0,1,0.35,0.045771352,0,0,1,0.3,1,0,0,0,0,0,1,1,-0.10348315383270892,0.045771352,0.389727200195752,0.04475474901363158,Child
784,785,0,1,0.3125,0.0137606835604919,0,0,1,0.0,1,0,0,0,0,0,1,1,-0.3340258077920396,0.0137606835604919,-0.3207739263418301,0.01366686504595381,Child
785,786,0,1,0.3125,0.014151057562208,0,0,1,0.0,1,0,0,0,0,0,1,1,-0.3340258077920396,0.014151057562208,-0.31210927853810133,0.014051866028611897,Child
786,787,1,0,0.225,0.0146308272103171,0,0,1,0.0,0,0,0,1,0,0,1,0,-0.8719586670304781,0.0146308272103171,-0.30146042638731846,0.014524829298496742,Child
787,788,0,1,0.1,0.0568482139999047,0,0,1,0.5,0,0,1,0,0,1,0,1,-1.6404341802282476,0.0568482139999047,0.6355865749946921,0.05529109581957551,Child
788,789,1,1,0.0125,0.040159725,0,0,1,0.3,0,0,1,0,0,0,1,1,-2.178367039466686,0.040159725,0.26517287191787675,0.03937428309158391,Child
789,790,0,1,0.575,0.12808844391457677,1,0,0,0.0,1,0,0,0,1,0,0,1,1.279772769923276,0.1545881046795693,2.80499776885319,0.14374366104491512,Child
790,791,0,1,0.35,0.0151269925664982,0,0,1,0.0,1,0,0,0,0,1,0,1,-0.10348315383270892,0.0151269925664982,-0.2904476590287806,0.015013720496480372,Child
791,792,0,1,0.2,0.0507486202230909,0,1,0,0.0,1,0,0,0,0,0,1,1,-1.025653769670032,0.0507486202230909,0.5002014530614362,0.04950288176693388,Child
791,792,0,1,0.2,0.0507486202230909,0,1,0,0.0,1,0,0,0,0,0,1,1,-1.025653769670032,0.0507486202230909,0.5002014530614362,0.04950288176693388,Child
792,793,0,0,0.35,0.12808844391457677,0,0,1,1.0,0,0,0,1,0,0,1,0,-0.10348315383270892,0.1357525590967682,2.386928512323294,0.12729547887673298,Child
793,794,0,1,0.35,0.059914211,1,0,0,0.0,1,0,0,0,1,0,0,1,-0.10348315383270892,0.059914211,0.7036387097586119,0.05818797182985436,Child
794,795,0,1,0.3125,0.0154115752137492,0,0,1,0.0,1,0,0,0,0,0,1,1,-0.3340258077920396,0.0154115752137492,-0.2841311307798632,0.015294023125181874,Child
795,796,0,1,0.4875,0.0253743101115454,0,1,0,0.0,1,0,0,0,0,0,1,1,0.7418399106848375,0.0253743101115454,-0.06300065418091039,0.02505772652479575,Child
796,797,1,0,0.6125,0.0506104278264834,1,0,0,0.0,0,1,0,0,0,0,1,0,1.510315423882607,0.0506104278264834,0.4971341677389162,0.049371355080016686,Child
797,798,1,0,0.3875,0.0169486728455063,0,0,1,0.0,1,0,0,0,0,0,1,0,0.1270595001266221,0.0169486728455063,-0.2500140800526822,0.016806646614351176,Child
798,799,0,1,0.375,0.0141104586660295,0,0,1,0.0,1,0,0,0,1,0,0,1,0.05021194880684509,0.0141104586660295,-0.3130104019096897,0.014011832831847981,Child
799,800,0,0,0.375,0.047137661,0,0,1,0.2,1,0,0,0,0,0,1,0,0.05021194880684509,0.047137661,0.42005346737548704,0.04606040462083951,Child
800,801,0,1,0.425,0.0253743101115454,0,1,0,0.0,1,0,0,0,0,0,1,1,0.35760215408595275,0.0253743101115454,-0.06300065418091039,0.02505772652479575,Child
801,802,1,0,0.3875,0.051236588,0,1,0,0.2,1,0,0,0,0,0,1,0,0.1270595001266221,0.051236588,0.5110322689146924,0.049967174078569536,Child
802,803,1,1,0.1375,0.12808844391457677,1,0,0,0.3,0,0,1,0,0,0,1,1,-1.4098915262689167,0.2342244010296504,4.572585920813782,0.21044275743508428,Child
803,804,1,1,0.00525,0.0166234913020768,0,0,1,0.1,0,0,1,0,1,0,0,1,-2.2229386192321567,0.0166234913020768,-0.2572317316731879,0.01648683347770997,Child
804,805,1,1,0.3375,0.0136142933098484,0,0,1,0.0,1,0,0,0,0,0,1,1,-0.1803307051524856,0.0136142933098484,-0.32402316926822755,0.013522451454419894,Child
805,806,0,1,0.3875,0.0151757893167127,0,0,1,0.0,1,0,0,0,0,0,1,1,0.1270595001266221,0.0151757893167127,-0.2893645780533148,0.015061788942880898,Child
806,807,0,1,0.4875,0.0,1,0,0,0.0,1,0,0,0,0,0,1,1,0.7418399106848375,0.0,-0.6262027614232546,0.0,Child
807,808,0,0,0.225,0.0151757893167127,0,0,1,0.0,0,0,0,1,0,0,1,0,-0.8719586670304781,0.0151757893167127,-0.2893645780533148,0.015061788942880898,Child
808,809,0,1,0.4875,0.0253743101115454,0,1,0,0.0,1,0,0,0,0,0,1,1,0.7418399106848375,0.0253743101115454,-0.06300065418091039,0.02505772652479575,Child
809,810,1,0,0.4125,0.1036442974556203,1,0,0,0.1,1,0,0,0,0,0,1,0,0.28075460276617575,0.1036442974556203,1.674261230466634,0.09861770160548036,Child
810,811,0,1,0.325,0.015395374692678,0,0,1,0.0,1,0,0,0,0,0,1,1,-0.2571782564722626,0.015395374692678,-0.2844907136637175,0.015278068362891653,Child
811,812,0,1,0.4875,0.047137661,0,0,1,0.0,1,0,0,0,0,0,1,1,0.7418399106848375,0.047137661,0.42005346737548704,0.04606040462083951,Child
812,813,0,1,0.4375,0.0204946350900944,0,1,0,0.0,1,0,0,0,0,0,1,1,0.4344497054057298,0.0204946350900944,-0.17130875172751414,0.020287446115378614,Child
813,814,0,0,0.075,0.061044735,0,0,1,0.6,0,0,0,1,0,0,1,0,-1.7941292828678013,0.061044735,0.7287315495753025,0.05925402179673243,Child
814,815,0,1,0.38125,0.0157125535690723,0,0,1,0.0,1,0,0,0,0,0,1,1,0.08863572446673341,0.0157125535690723,-0.27745068732318856,0.01559038941147719,Child
815,816,0,1,0.35,0.0,1,0,0,0.0,1,0,0,0,0,0,1,1,-0.10348315383270892,0.0,-0.6262027614232546,0.0,Child
816,817,0,0,0.2875,0.0154685698179998,0,0,1,0.0,0,0,0,1,0,0,1,0,-0.4877209104315936,0.0154685698179998,-0.28286609220051767,0.015350151109302445,Child
817,818,0,1,0.3875,0.072227388,0,1,0,0.2,1,0,0,0,1,0,0,1,0.1270595001266221,0.072227388,0.9769390360635467,0.06973815582690371,Child
818,819,0,1,0.5375,0.0125895615553437,0,0,1,0.0,1,0,0,0,0,0,1,1,1.0492301159639452,0.0125895615553437,-0.3467678697530141,0.012510971943698095,Child
819,820,0,1,0.125,0.054457173,0,0,1,0.5,0,0,1,0,0,0,1,1,-1.4867390775886937,0.054457173,0.5825156018833307,0.05302610655100989,Child
820,821,1,0,0.65,0.12808844391457677,1,0,0,0.2,1,0,0,0,0,0,1,0,1.7408580778419378,0.1824998458022693,3.4245200868197707,0.1676307109841702,Child
821,822,1,1,0.3375,0.0169080739493278,0,0,1,0.0,1,0,0,0,0,0,1,1,-0.1803307051524856,0.0169080739493278,-0.25091520342427054,0.01676672355069601,Child
822,823,0,1,0.475,0.0,1,0,0,0.0,1,0,0,0,0,0,1,1,0.6649923593650604,0.0,-0.6262027614232546,0.0,Child
823,824,1,0,0.3375,0.0243495783570407,0,0,1,0.1,1,0,0,0,0,0,1,0,-0.1803307051524856,0.0243495783570407,-0.08574535466569695,0.02405785347297418,Child
824,825,0,1,0.025,0.077464841,0,0,1,0.5,0,0,1,0,0,0,1,1,-2.1015194881469093,0.077464841,1.0931882878940662,0.07461091230097748,Child
825,826,0,1,0.35,0.0135654965596339,0,0,1,0.0,1,0,0,0,0,1,0,1,-0.10348315383270892,0.0135654965596339,-0.3251062502436934,0.013474308955695529,Child
826,827,0,1,0.35,0.1102724576307577,0,0,1,0.0,1,0,0,0,0,0,1,1,-0.10348315383270892,0.1102724576307577,1.8213782855261385,0.10460544252952915,Child
827,828,1,1,0.0125,0.072227388,0,1,0,0.2,0,0,1,0,1,0,0,1,-2.178367039466686,0.072227388,0.9769390360635467,0.06973815582690371,Child
828,829,1,1,0.35,0.0151269925664982,0,0,1,0.0,1,0,0,0,0,1,0,1,-0.10348315383270892,0.0151269925664982,-0.2904476590287806,0.015013720496480372,Child
829,830,1,0,0.775,0.12808844391457677,1,0,0,0.0,1,0,0,0,0,0,0,0,2.509333591039707,0.1561496006864336,2.8396563600681035,0.14509517423563542,Child
830,831,1,0,0.1875,0.0282127194780231,0,0,1,0.1,1,0,0,0,1,0,0,0,-1.102501320989809,0.0282127194780231,0.0,0.027822071189111418,Child
831,832,1,1,0.0103749999999999,0.036597563,0,1,0,0.2,0,0,1,0,0,0,1,1,-2.1914311231910486,0.036597563,0.18610797770324475,0.03594377581566029,Child
832,833,0,1,0.35,0.0141104586660295,0,0,1,0.0,1,0,0,0,1,0,0,1,-0.10348315383270892,0.0141104586660295,-0.3130104019096897,0.014011832831847981,Child
833,834,0,1,0.2875,0.0153303774213923,0,0,1,0.0,1,0,0,0,0,0,1,1,-0.4877209104315936,0.0153303774213923,-0.28593337752303766,0.015214054528192182,Child
834,835,0,1,0.225,0.0162005210712174,0,0,1,0.0,1,0,0,0,0,0,1,1,-0.8719586670304781,0.0162005210712174,-0.26661987756852823,0.016070692941796576,Child
835,836,1,0,0.4875,0.12808844391457677,1,0,0,0.2,0,0,0,1,1,0,0,0,0.7418399106848375,0.1623141917345331,2.976484145860679,0.1504130106373204,Child
836,837,0,1,0.2625,0.0169080739493278,0,0,1,0.0,1,0,0,0,0,0,1,1,-0.6414160130711473,0.0169080739493278,-0.25091520342427054,0.01676672355069601,Child
837,838,0,1,0.35,0.0157125535690723,0,0,1,0.0,1,0,0,0,0,0,1,1,-0.10348315383270892,0.0157125535690723,-0.27745068732318856,0.01559038941147719,Child
838,839,1,1,0.4,0.1102724576307577,0,0,1,0.0,1,0,0,0,0,0,1,1,0.2039070514463991,0.1102724576307577,1.8213782855261385,0.10460544252952915,Child
839,840,1,1,0.35,0.0579705392548384,1,0,0,0.0,1,0,0,0,1,0,0,1,-0.10348315383270892,0.0579705392548384,0.6604974374304103,0.05635248735354935,Child
840,841,0,1,0.25,0.0154685698179998,0,0,1,0.0,1,0,0,0,0,0,1,1,-0.7182635643909243,0.0154685698179998,-0.28286609220051767,0.015350151109302445,Child
841,842,0,1,0.2,0.0204946350900944,0,1,0,0.0,1,0,0,0,0,0,1,1,-1.025653769670032,0.0204946350900944,-0.17130875172751414,0.020287446115378614,Child
842,843,1,0,0.375,0.060507970265993,1,0,0,0.0,0,0,0,1,1,0,0,0,0.05021194880684509,0.060507970265993,0.7168176481546459,0.05874801056813765,Child
843,844,0,1,0.43125,0.0125651631802364,0,0,1,0.0,1,0,0,0,1,0,0,1,0.39602592974584144,0.0125651631802364,-0.3473094102407482,0.012486876624154876,Child
844,845,0,1,0.2125,0.0169080739493278,0,0,1,0.0,1,0,0,0,0,0,1,1,-0.9488062183502551,0.0169080739493278,-0.25091520342427054,0.01676672355069601,Child
845,846,0,1,0.525,0.0147366185647821,0,0,1,0.0,1,0,0,0,0,0,1,1,0.9723825646441685,0.0147366185647821,-0.29911230683250933,0.014629089721892294,Child
846,847,0,1,0.35,0.12808844391457677,0,0,1,1.0,1,0,0,0,0,0,1,1,-0.10348315383270892,0.1357525590967682,2.386928512323294,0.12729547887673298,Child
847,848,0,1,0.4375,0.0154115752137492,0,0,1,0.0,1,0,0,0,1,0,0,1,0.4344497054057298,0.0154115752137492,-0.2841311307798632,0.015294023125181874,Child
848,849,0,1,0.35,0.06441171,0,1,0,0.1,1,0,0,0,0,0,1,1,-0.10348315383270892,0.06441171,0.803464119907115,0.06242226156407526,Child
849,850,1,0,0.35,0.12808844391457677,1,0,0,0.1,1,0,0,0,1,0,0,0,-0.10348315383270892,0.1739198156185515,3.2340797927416243,0.16034841891878715,Child
850,851,0,1,0.05,0.061044735,0,0,1,0.6,0,0,1,0,0,0,1,1,-1.9478243855073554,0.061044735,0.7287315495753025,0.05925402179673243,Child
851,852,0,1,0.925,0.0151757893167127,0,0,1,0.0,1,0,0,0,0,0,1,1,3.4315042068770305,0.0151757893167127,-0.2893645780533148,0.015061788942880898,Child
852,853,0,0,0.1125,0.0297578197768153,0,0,1,0.2,0,0,0,1,1,0,0,0,-1.5635866289084708,0.0297578197768153,0.03429467600715564,0.02932364816471518,Child
853,854,1,0,0.2,0.076903678,1,0,0,0.1,0,0,0,1,0,0,1,0,-1.025653769670032,0.076903678,1.0807328484075505,0.07408995870576641,Child
854,855,0,0,0.55,0.0507486202230909,0,1,0,0.1,1,0,0,0,0,0,1,0,1.1260776672837225,0.0507486202230909,0.5002014530614362,0.04950288176693388,Child
855,856,1,0,0.225,0.018249985,0,0,1,0.1,1,0,0,0,0,0,1,0,-0.8719586670304781,0.018249985,-0.2211304672817697,0.018085452815228404,Child
856,857,1,0,0.5625,0.12808844391457677,1,0,0,0.2,1,0,0,0,0,0,1,0,1.202925218603499,0.3217983671436256,6.516356688891486,0.27899320872558553,Child
857,858,1,1,0.6375,0.0518221487278101,1,0,0,0.0,1,0,0,0,0,0,1,1,1.6640105265221605,0.0518221487278101,0.5240292345216886,0.0505240398785738,Child
858,859,1,0,0.3,0.037589698,0,0,1,0.3,1,0,0,0,1,0,0,0,-0.4108733591118166,0.037589698,0.20812916843562407,0.036900425289234526,Child
859,860,0,1,0.35,0.0141104586660295,0,0,1,0.0,1,0,0,0,1,0,0,1,-0.10348315383270892,0.0141104586660295,-0.3130104019096897,0.014011832831847981,Child
860,861,0,1,0.5125,0.0275375676420551,0,0,1,0.2,1,0,0,0,0,0,1,1,0.8955350133243911,0.0275375676420551,-0.014985508376549028,0.027165228901921093,Child
861,862,0,1,0.2625,0.0224465050986748,0,1,0,0.1,1,0,0,0,0,0,1,1,-0.6414160130711473,0.0224465050986748,-0.12798551270887265,0.022198289814291155,Child
862,863,1,0,0.6,0.0506104278264834,1,0,0,0.0,1,0,0,0,0,0,1,0,1.4334678725628298,0.0506104278264834,0.4971341677389162,0.049371355080016686,Child
863,864,0,0,0.35,0.12808844391457677,0,0,1,1.0,0,0,0,1,0,0,1,0,-0.10348315383270892,0.1357525590967682,2.386928512323294,0.12729547887673298,Child
864,865,0,1,0.3,0.0253743101115454,0,1,0,0.0,1,0,0,0,0,0,1,1,-0.4108733591118166,0.0253743101115454,-0.06300065418091039,0.02505772652479575,Child
865,866,1,0,0.525,0.0253743101115454,0,1,0,0.0,1,0,0,0,0,0,1,0,0.9723825646441685,0.0253743101115454,-0.06300065418091039,0.02505772652479575,Child
866,867,1,0,0.3375,0.02704960013991,0,1,0,0.1,0,0,0,1,1,0,0,0,-0.1803307051524856,0.02704960013991,-0.02581631813120938,0.02669022592422139,Child
867,868,0,1,0.3875,0.098561238,1,0,0,0.0,1,0,0,0,0,0,1,1,0.1270595001266221,0.098561238,1.561438860752594,0.09400135821635419,Child
868,869,0,1,0.35,0.0185427650815139,0,0,1,0.0,1,0,0,0,0,0,1,1,-0.10348315383270892,0.0185427650815139,-0.21463199074615794,0.018372944101240428,Child
869,870,1,1,0.05,0.0217307543665283,0,0,1,0.2,0,0,1,0,0,0,1,1,-1.9478243855073554,0.0217307543665283,-0.14387214445701002,0.021498007333324867,Child
870,871,0,1,0.325,0.0154115752137492,0,0,1,0.0,1,0,0,0,0,0,1,1,-0.2571782564722626,0.0154115752137492,-0.2841311307798632,0.015294023125181874,Child
871,872,1,0,0.5875,0.1025789668049371,1,0,0,0.2,1,0,0,0,0,0,1,0,1.3566203212430532,0.1025789668049371,1.650615406610259,0.09765195099379802,Child
872,873,0,1,0.4125,0.00975935,1,0,0,0.0,1,0,0,0,0,0,1,1,0.28075460276617575,0.00975935,-0.40958656728228954,0.009712035136266194,Child
873,874,0,1,0.5875,0.0175668300772237,0,0,1,0.0,1,0,0,0,0,0,1,1,1.3566203212430532,0.0175668300772237,-0.23629361025547865,0.017414316843308648,Child
874,875,1,0,0.35,0.04684488,0,1,0,0.1,1,0,0,0,1,0,0,0,-0.10348315383270892,0.04684488,0.4135549704533779,0.045780764274107585,Child
875,876,1,0,0.1875,0.0141022608119935,0,0,1,0.0,0,0,0,1,1,0,0,0,-1.102501320989809,0.0141022608119935,-0.31319235951356716,0.014003749011095535,Child
876,877,0,1,0.25,0.0192177217304811,0,0,1,0.0,1,0,0,0,0,0,1,1,-0.7182635643909243,0.0192177217304811,-0.19965081469350954,0.01903539356771946,Child
877,878,0,1,0.2375,0.0154115752137492,0,0,1,0.0,1,0,0,0,0,0,1,1,-0.7951111157107013,0.0154115752137492,-0.2841311307798632,0.015294023125181874,Child
878,879,0,1,0.35,0.0154115752137492,0,0,1,0.0,1,0,0,0,0,0,1,1,-0.10348315383270892,0.0154115752137492,-0.2841311307798632,0.015294023125181874,Child
879,880,1,0,0.7,0.12808844391457677,1,0,0,0.1,1,0,0,0,1,0,0,0,2.0482482831210453,0.1623141917345331,2.976484145860679,0.1504130106373204,Child
880,881,1,0,0.3125,0.0507486202230909,0,1,0,0.1,1,0,0,0,0,0,1,0,-0.3340258077920396,0.0507486202230909,0.5002014530614362,0.04950288176693388,Child
881,882,0,1,0.4125,0.0154115752137492,0,0,1,0.0,1,0,0,0,0,0,1,1,0.28075460276617575,0.0154115752137492,-0.2841311307798632,0.015294023125181874,Child
882,883,0,0,0.275,0.020527231,0,0,1,0.0,0,0,0,1,0,0,1,0,-0.5645684617513703,0.020527231,-0.1705852607216262,0.02031938689019335,Child
883,884,0,1,0.35,0.0204946350900944,0,1,0,0.0,1,0,0,0,0,0,1,1,-0.10348315383270892,0.0204946350900944,-0.17130875172751414,0.020287446115378614,Child
884,885,0,1,0.3125,0.0137606835604919,0,0,1,0.0,1,0,0,0,0,0,1,1,-0.3340258077920396,0.0137606835604919,-0.3207739263418301,0.01366686504595381,Child
885,886,0,0,0.4875,0.0568482139999047,0,0,1,0.5,1,0,0,0,0,1,0,0,0.7418399106848375,0.0568482139999047,0.6355865749946921,0.05529109581957551,Child
886,887,0,1,0.3375,0.0253743101115454,0,1,0,0.0,1,0,0,0,0,0,1,1,-0.1803307051524856,0.0253743101115454,-0.06300065418091039,0.02505772652479575,Child
887,888,1,0,0.2375,0.0585561,1,0,0,0.0,0,0,0,1,0,0,1,0,-0.7951111157107013,0.0585561,0.6734944034225361,0.0569058097159909,Child
888,889,0,0,0.35,0.045771352,0,0,1,0.3,0,0,0,1,0,0,1,0,-0.10348315383270892,0.045771352,0.389727200195752,0.04475474901363158,Child
889,890,1,1,0.325,0.0585561,1,0,0,0.0,1,0,0,0,1,0,0,1,-0.2571782564722626,0.0585561,0.6734944034225361,0.0569058097159909,Child
890,891,0,1,0.4,0.0151269925664982,0,0,1,0.0,1,0,0,0,0,1,0,1,0.2039070514463991,0.0151269925664982,-0.2904476590287806,0.015013720496480372,Child
